title,tmdb_id,year,budget,vote_count,vote_average,runtime,popularity,view_count,like_count,dislike_count,comment_count,film-noir,mystery,action,imax,sci-fi,romance,musical,comedy,war,crime,children,fantasy,horror,drama,western,adventure,animation,thriller,revenue
The Book of Eli,20504,2010,80000000.0,4303.0,6.7,118.0,24.843000000000004,3326366,4507,322,1982,0,0,1,0,0,0,0,0,0,0,0,0,0,1,0,1,0,0,157107755.0
Valentine's Day,32856,2010,52000000.0,2323.0,5.9,125.0,16.444000000000006,117902,112,14,11,0,0,0,0,0,1,0,1,0,0,0,0,0,0,0,0,0,0,216485654.0
Shutter Island,11324,2010,80000000.0,16456.0,8.2,138.0,35.806,11619025,43123,1015,5309,0,1,0,0,0,0,0,0,0,0,0,0,0,1,0,0,0,1,294804195.0
Percy Jackson & the Olympians: The Lightning Thief,32657,2010,95000000.0,5399.0,6.2,119.0,44.19300000000001,7424212,18935,1421,6705,0,0,0,0,0,0,0,0,0,0,0,1,0,0,0,1,0,0,226497209.0
Dear John,22971,2010,25000000.0,3226.0,6.8,115.0,19.448,12783196,43389,970,4492,0,0,0,0,0,1,0,0,1,0,0,0,0,1,0,0,0,0,114977104.0
Alice in Wonderland,12155,2010,200000000.0,10598.0,6.6,108.0,27.519,19932670,40591,2060,7490,0,0,0,1,0,0,0,0,0,0,0,1,0,0,0,1,0,0,1025467110.0
Remember Me,23169,2010,16000000.0,2717.0,7.1,113.0,19.921,1791964,9743,250,718,0,0,0,0,0,1,0,0,0,0,0,0,0,1,0,0,0,0,56032889.0
How to Train Your Dragon,10191,2010,165000000.0,9400.0,7.8,100.0,43.942,5691775,12824,612,2265,0,0,0,1,0,0,0,0,0,0,1,1,0,0,0,1,1,0,494878759.0
Clash of the Titans,18823,2010,125000000.0,4531.0,5.8,106.0,30.914,416052,1707,67,120,0,0,1,0,0,0,0,0,0,0,0,1,0,1,0,1,0,0,493214993.0
Kick-Ass,23483,2010,28000000.0,8858.0,7.1,117.0,32.72,1874146,8022,269,971,0,0,1,0,0,0,0,1,0,0,0,0,0,0,0,0,0,0,96188903.0
Iron Man 2,10138,2010,200000000.0,15008.0,6.8,124.0,49.62600000000001,3784271,5766,194,1920,0,0,1,1,1,0,0,0,0,0,0,0,0,0,0,1,0,1,623933331.0
Blue Valentine,46705,2010,3500000.0,2133.0,6.9,112.0,21.131,300081,331,46,16,0,0,0,0,0,1,0,0,0,0,0,0,0,1,0,0,0,0,16566240.0
Prince of Persia: The Sands of Time,9543,2010,150000000.0,4998.0,6.2,116.0,25.076,6151541,13884,682,1470,0,0,1,1,0,1,0,0,0,0,0,1,0,0,0,1,0,0,335154643.0
Letters to Juliet,37056,2010,30000000.0,2138.0,6.9,105.0,19.472,12293714,42086,938,4408,0,0,0,0,0,1,0,0,0,0,0,0,0,1,0,0,0,0,82148538.0
The A-Team,34544,2010,110000000.0,3296.0,6.3,119.0,24.074,1069789,3357,149,193,0,0,1,0,0,0,0,1,0,0,0,0,0,0,0,0,0,1,177238796.0
Toy Story 3,10193,2010,200000000.0,10695.0,7.8,103.0,43.515,21690801,24575,3586,3189,0,0,0,1,0,0,0,1,0,0,1,1,0,0,0,1,1,0,1066969703.0
Shrek Forever After,10192,2010,165000000.0,4946.0,6.2,93.0,50.752,11646940,7833,1314,1218,0,0,0,1,0,0,0,1,0,0,1,1,0,0,0,1,1,0,752600867.0
The Twilight Saga: Eclipse,24021,2010,68000000.0,6336.0,6.2,124.0,58.581,33207636,54457,5875,17864,0,0,0,1,0,1,0,0,0,0,0,1,0,0,0,0,0,1,698491347.0
The Last Airbender,10196,2010,150000000.0,2728.0,4.7,103.0,25.607,9778921,16575,6273,10359,0,0,1,0,0,0,0,0,0,0,0,1,0,0,0,1,0,0,318502923.0
Predators,34851,2010,40000000.0,2551.0,6.1,107.0,27.615,1731538,6327,310,984,0,0,1,0,1,0,0,0,0,0,0,0,0,0,0,0,0,1,127233108.0
Despicable Me,20352,2010,69000000.0,11684.0,7.2,95.0,41.228,11395765,18573,4032,404,0,0,0,0,0,0,0,1,0,1,1,0,0,0,0,0,1,0,543513985.0
Inception,27205,2010,160000000.0,27308.0,8.3,148.0,50.27,4372368,12027,351,1342,0,1,1,1,1,0,0,0,0,1,0,0,0,1,0,0,0,1,825532764.0
Grown Ups,38365,2010,80000000.0,4051.0,6.2,102.0,40.191,7610370,10498,654,1669,0,0,0,0,0,0,0,1,0,0,0,0,0,0,0,0,0,0,271430189.0
The Sorcerer's Apprentice,27022,2010,150000000.0,3647.0,6.0,109.0,27.062,3578588,8156,491,431,0,0,1,0,0,0,0,1,0,0,1,1,0,0,0,1,0,0,215283742.0
Knight and Day,37834,2010,117000000.0,3062.0,6.1,109.0,23.36,4930953,24261,496,1268,0,0,1,0,0,1,0,1,0,0,0,0,0,0,0,0,0,0,261930431.0
The Karate Kid,38575,2010,40000000.0,4038.0,6.4,140.0,36.933,22991179,34402,3374,14497,0,0,1,0,0,0,0,0,0,0,1,0,0,1,0,0,0,0,357852395.0
Salt,27576,2010,110000000.0,3923.0,6.3,100.0,31.806,10412937,16773,938,3241,0,0,1,0,0,0,0,0,0,0,0,0,0,0,0,0,0,1,293329073.0
The Other Guys,27581,2010,100000000.0,2801.0,6.3,107.0,22.496,8220447,16021,582,2306,0,0,1,0,0,0,0,1,0,0,0,0,0,0,0,0,0,0,170432927.0
The Expendables,27578,2010,80000000.0,5563.0,6.1,103.0,30.691,2782275,7460,319,538,0,0,1,0,0,0,0,0,0,0,0,0,0,0,0,1,0,1,274470394.0
Scott Pilgrim vs. the World,22538,2010,60000000.0,5091.0,7.4,112.0,31.445,5602992,45974,1268,6274,0,0,1,0,0,1,1,1,0,0,0,1,0,0,0,0,0,0,47664559.0
Machete,23631,2010,20000000.0,2286.0,6.3,105.0,19.875,3909022,6176,735,2006,0,0,1,0,0,0,0,1,0,1,0,0,0,0,0,1,0,1,44093316.0
Resident Evil: Afterlife,35791,2010,60000000.0,2591.0,6.0,97.0,0.995,22060503,34237,3525,18532,0,0,1,1,1,0,0,0,0,0,0,0,1,0,0,0,0,1,300228084.0
The Social Network,37799,2010,40000000.0,8076.0,7.3,121.0,32.72,14419577,50855,2331,9360,0,0,0,0,0,0,0,0,0,0,0,0,0,1,0,0,0,0,224920315.0
Easy A,37735,2010,8000000.0,5177.0,6.8,93.0,20.118,9732178,27312,751,2962,0,0,0,0,0,1,0,1,0,0,0,0,0,0,0,0,0,0,74952305.0
Life As We Know It,38408,2010,38000000.0,2292.0,6.9,114.0,23.907,12168971,22206,643,1919,0,0,0,0,0,1,0,1,0,0,0,0,0,0,0,0,0,0,105610124.0
Due Date,41733,2010,65000000.0,3826.0,6.3,95.0,21.936,4305064,8217,280,1057,0,0,0,0,0,0,0,1,0,0,0,0,0,0,0,0,0,0,211780824.0
127 Hours,44115,2010,18000000.0,5461.0,7.0,94.0,15.505,15547300,46208,1281,8520,0,0,0,0,0,0,0,0,0,0,0,0,0,1,0,1,0,1,35692920.0
Megamind,38055,2010,130000000.0,4629.0,6.8,96.0,43.737,4459975,8377,732,622,0,0,1,1,1,0,0,1,0,0,1,0,0,0,0,0,1,0,321885765.0
Black Swan,44214,2010,13000000.0,10336.0,7.6,108.0,28.858,29765641,67410,2741,14742,0,0,0,0,0,0,0,0,0,0,0,0,0,1,0,0,0,1,329398046.0
Harry Potter and the Deathly Hallows: Part 1,12444,2010,250000000.0,13449.0,7.8,146.0,71.633,39878317,152468,4795,44949,0,0,1,1,0,0,0,0,0,0,0,1,0,0,0,1,0,0,954305868.0
Tangled,38757,2010,260000000.0,8021.0,7.6,100.0,34.869,12144442,19184,3184,645,0,0,0,1,0,1,1,1,0,0,1,1,0,0,0,0,1,0,592461732.0
The Fighter,45317,2010,25000000.0,2968.0,7.4,116.0,21.025,74557,289,7,25,0,0,0,0,0,0,0,0,0,0,0,0,0,1,0,0,0,0,93617009.0
Beastly,38117,2011,17000000.0,2208.0,6.3,86.0,21.629,14035030,64927,2045,11056,0,0,0,0,0,1,0,0,0,0,0,1,0,1,0,0,0,0,43202283.0
Love & Other Drugs,43347,2010,30000000.0,3372.0,7.0,112.0,30.947,4485985,19215,508,315,0,0,0,0,0,1,0,1,0,0,0,0,0,1,0,0,0,0,102820008.0
The Chronicles of Narnia: The Voyage of the Dawn Treader,10140,2010,155000000.0,4053.0,6.4,113.0,23.837,8496993,24683,972,6577,0,0,0,0,0,0,0,0,0,0,1,1,0,0,0,1,0,0,415686217.0
The Tourist,37710,2010,100000000.0,3987.0,6.2,103.0,21.807,2510908,6564,271,548,0,0,0,0,0,0,0,0,0,0,0,0,0,1,0,0,0,1,278731369.0
True Grit,44264,2010,38000000.0,3658.0,7.3,110.0,15.377,6316515,11100,413,3678,0,0,0,0,0,0,0,0,0,0,0,0,0,0,1,0,0,0,252276927.0
TRON: Legacy,20526,2010,170000000.0,5212.0,6.4,125.0,22.161,19430444,52797,1772,7257,0,0,1,1,1,0,0,0,0,0,0,0,0,0,0,1,0,0,400062763.0
Little Fockers,39451,2010,100000000.0,2347.0,5.6,98.0,17.146,862079,800,129,229,0,0,0,0,0,0,0,1,0,0,0,0,0,0,0,0,0,0,310650585.0
The Green Hornet,40805,2011,120000000.0,2314.0,5.5,119.0,20.29,2678818,4767,381,1522,0,0,1,1,0,0,0,1,0,1,0,1,0,0,0,0,0,1,227817248.0
Cowboys & Aliens,49849,2011,163000000.0,3719.0,5.5,119.0,25.939,5377809,11065,760,3660,0,0,1,1,1,0,0,0,0,0,0,0,0,0,1,0,0,1,174822325.0
Limitless,51876,2011,27000000.0,7742.0,7.2,105.0,19.918,16822,23,1,1,0,0,0,0,1,0,0,0,0,0,0,0,0,0,0,0,0,1,161849455.0
No Strings Attached,41630,2011,25000000.0,3357.0,6.2,107.0,27.656,877540,1762,128,44,0,0,0,0,0,1,0,1,0,0,0,0,0,0,0,0,0,0,149228077.0
Unknown,48138,2011,30000000.0,2629.0,6.6,113.0,21.009,2341418,5964,270,396,0,1,0,0,0,0,0,0,0,0,0,0,0,1,0,0,0,1,130786397.0
Paul,39513,2011,40000000.0,3873.0,6.6,104.0,34.945,821575,3287,137,221,0,0,0,0,1,0,0,1,0,0,0,0,0,0,0,1,0,0,97552050.0
Rango,44896,2011,135000000.0,4354.0,6.7,107.0,33.289,14611294,22617,1625,3312,0,0,1,0,0,0,0,1,0,0,1,0,0,0,1,1,1,0,245724603.0
The Adjustment Bureau,38050,2011,50200000.0,3202.0,6.7,106.0,18.35,6721652,12028,477,2767,0,0,0,0,1,1,0,0,0,0,0,0,0,0,0,0,0,1,127869379.0
The Mechanic,27582,2011,40000000.0,2144.0,6.4,93.0,32.843,9953355,11198,542,1888,0,0,1,0,0,0,0,0,0,0,0,0,0,1,0,0,0,1,51070807.0
I Am Number Four,46529,2011,50000000.0,3487.0,6.1,109.0,32.761,2938684,15947,435,863,0,0,1,1,1,0,0,0,0,0,0,0,0,0,0,0,0,1,149878437.0
Battle: Los Angeles,44943,2011,70000000.0,2466.0,5.6,116.0,31.341,1776194,5038,215,902,0,0,1,0,1,0,0,0,1,0,0,0,0,0,0,0,0,0,211819354.0
Just Go with It,50546,2011,80000000.0,3869.0,6.6,117.0,31.921,3026225,10166,352,443,0,0,0,0,0,1,0,1,0,0,0,0,0,0,0,0,0,0,214945591.0
Red Riding Hood,49730,2011,42000000.0,2392.0,5.9,100.0,28.338,16136331,30158,4484,10120,0,1,0,0,0,0,0,0,0,0,0,1,1,0,0,0,0,1,89162162.0
Source Code,45612,2011,32000000.0,5743.0,7.3,93.0,21.705,7873037,10236,325,1243,0,1,1,0,1,0,0,0,0,0,0,0,0,1,0,0,0,1,147332697.0
Sucker Punch,23629,2011,82000000.0,3333.0,6.1,110.0,27.314,6969497,21073,1198,4338,0,0,1,1,0,0,0,0,0,0,0,1,0,0,0,0,0,1,89792502.0
Rio,46195,2011,90000000.0,4674.0,6.6,96.0,34.293,16574447,16657,2878,1366,0,0,0,0,0,0,0,1,0,0,1,0,0,0,0,1,1,0,484635760.0
Thor,10195,2011,150000000.0,15453.0,6.8,115.0,46.94600000000001,31033457,71889,2843,15692,0,0,1,1,0,0,0,0,0,0,0,1,0,1,0,1,0,0,449326618.0
Fast Five,51497,2011,125000000.0,5508.0,7.2,130.0,4.841,4801034,7686,244,2472,0,0,1,1,0,0,0,0,0,1,0,0,0,1,0,0,0,1,626137675.0
Bridesmaids,55721,2011,32500000.0,3295.0,6.5,125.0,19.589,5822519,8426,660,815,0,0,0,0,0,0,0,1,0,0,0,0,0,0,0,0,0,0,288383523.0
Pirates of the Caribbean: On Stranger Tides,1865,2011,380000000.0,10285.0,6.5,136.0,52.588,19923292,56913,1563,11038,0,0,1,1,0,0,0,0,0,0,0,1,0,0,0,1,0,0,1045713802.0
Midnight in Paris,59436,2011,30000000.0,5194.0,7.5,94.0,19.226,1653672,7926,192,354,0,0,0,0,0,1,0,1,0,0,0,1,0,0,0,0,0,0,151119219.0
The Hangover Part II,45243,2011,80000000.0,7617.0,6.4,102.0,42.26,10023742,24002,925,4089,0,0,0,0,0,0,0,1,0,0,0,0,0,0,0,0,0,0,254455986.0
Kung Fu Panda 2,49444,2011,150000000.0,4586.0,6.8,91.0,32.18,24836594,33967,2295,4471,0,0,1,1,0,0,0,1,0,0,1,0,0,0,0,1,1,0,631910531.0
X-Men: First Class,49538,2011,160000000.0,9635.0,7.3,132.0,1.689,18262254,39687,1560,10513,0,0,1,0,1,0,0,0,1,0,0,0,0,0,0,1,0,1,353624124.0
Super 8,37686,2011,50000000.0,4814.0,6.7,112.0,21.263,1498841,6765,275,474,0,1,0,1,1,0,0,0,0,0,0,0,0,0,0,0,0,1,260095986.0
Green Lantern,44912,2011,200000000.0,5260.0,5.1,114.0,28.297,4485304,9936,852,2896,0,0,1,0,1,0,0,0,0,0,0,0,0,0,0,1,0,0,219851172.0
Bad Teacher,52449,2011,20000000.0,3558.0,5.5,92.0,20.964,2847854,11575,550,555,0,0,0,0,0,0,0,1,0,0,0,0,0,0,0,0,0,0,216197492.0
Transformers: Dark of the Moon,38356,2011,195000000.0,5941.0,6.1,154.0,8.493,31288485,63001,2867,22495,0,0,1,1,1,0,0,0,1,0,0,0,0,0,0,1,0,0,1123794079.0
Horrible Bosses,51540,2011,35000000.0,4614.0,6.5,98.0,22.94,1983405,5628,191,348,0,0,0,0,0,0,0,1,0,1,0,0,0,0,0,0,0,0,209838559.0
Cars 2,49013,2011,200000000.0,5180.0,6.0,106.0,36.848,54503315,38107,9366,1255,0,0,0,1,0,0,0,1,0,0,1,0,0,0,0,1,1,0,559852396.0
Harry Potter and the Deathly Hallows: Part 2,12445,2011,125000000.0,14461.0,8.1,130.0,76.355,23994785,143711,2548,47255,0,1,1,1,0,0,0,0,0,0,0,1,0,1,0,1,0,0,1341511219.0
Drive,64690,2011,15000000.0,8593.0,7.6,100.0,25.254,6844146,22947,1098,2024,1,0,0,0,0,0,0,0,0,1,0,0,0,1,0,0,0,1,78054825.0
Captain America: The First Avenger,1771,2011,140000000.0,15606.0,6.9,124.0,35.274,13296177,65271,1571,8698,0,0,1,0,1,0,0,0,1,0,0,0,0,0,0,1,0,1,370569774.0
"Crazy, Stupid, Love.",50646,2011,50000000.0,5721.0,7.3,118.0,22.152,421433,1196,71,25,0,0,0,0,0,1,0,1,0,0,0,0,0,1,0,0,0,0,142851197.0
One Day,51828,2011,15000000.0,2816.0,7.3,107.0,22.013,2331717,2773,98,221,0,0,0,0,0,1,0,0,0,0,0,0,0,1,0,0,0,0,59389433.0
The Smurfs,41513,2011,110000000.0,2691.0,5.7,103.0,24.606,5752023,6455,1825,1108,0,0,0,0,0,0,0,1,0,0,1,0,0,0,0,0,1,0,563749323.0
Friends with Benefits,50544,2011,35000000.0,5807.0,6.6,109.0,26.789,362084,744,71,83,0,0,0,0,0,1,0,1,0,0,0,0,0,0,0,0,0,0,149542245.0
Rise of the Planet of the Apes,61791,2011,93000000.0,8658.0,7.3,105.0,29.165,10071673,31777,1427,5716,0,0,1,0,1,0,0,0,0,0,0,0,0,1,0,0,0,1,482860185.0
The Help,50014,2011,25000000.0,5107.0,8.2,146.0,18.96,1733494,11800,254,407,0,0,0,0,0,0,0,0,0,0,0,0,0,1,0,0,0,0,216639112.0
Final Destination 5,55779,2011,47000000.0,2169.0,6.0,92.0,33.806,1997370,4882,589,451,0,0,0,1,0,0,0,0,0,0,0,0,1,0,0,0,0,1,157887643.0
The Skin I Live In,63311,2011,13000000.0,2709.0,7.5,120.0,46.837,3753727,4556,732,949,0,0,0,0,0,0,0,0,0,0,0,0,0,1,0,0,0,0,5774854.0
Contagion,39538,2011,60000000.0,4064.0,6.6,106.0,37.449,27341012,116463,5189,21019,0,0,0,1,1,0,0,0,0,0,0,0,0,0,0,0,0,1,137551594.0
Moneyball,60308,2011,50000000.0,3095.0,7.2,134.0,18.752,3317500,8072,278,871,0,0,0,0,0,0,0,0,0,0,0,0,0,1,0,0,0,0,110206216.0
The Avengers,24428,2012,220000000.0,23243.0,7.7,143.0,85.135,41258965,276283,5901,46862,0,0,1,1,1,0,0,0,0,0,0,0,0,0,0,1,0,0,1519557910.0
Warrior,59440,2011,25000000.0,2809.0,7.8,140.0,25.898000000000003,6511789,21073,631,1269,0,0,0,0,0,0,0,0,0,0,0,0,0,1,0,0,0,0,23057115.0
50/50,40807,2011,8000000.0,2671.0,7.1,100.0,13.884,781760,1616,45,103,0,0,0,0,0,0,0,1,0,0,0,0,0,1,0,0,0,0,39187783.0
The Artist,74643,2011,15000000.0,2251.0,7.4,100.0,9.291,28551,51,3,15,0,0,0,0,0,1,0,1,0,0,0,0,0,1,0,0,0,0,133432856.0
Real Steel,39254,2011,110000000.0,5601.0,6.9,127.0,38.117,4583758,9426,535,1630,0,0,1,1,1,0,0,0,0,0,0,0,0,1,0,0,0,0,299268508.0
In Time,49530,2011,40000000.0,7933.0,6.9,109.0,44.368,4450069,19299,564,1143,0,0,0,0,1,0,0,0,0,1,0,0,0,0,0,0,0,1,173930596.0
Johnny English Reborn,58233,2011,45000000.0,2275.0,6.2,101.0,21.853,4608287,13467,414,1090,0,0,0,0,0,0,0,1,0,0,0,0,0,0,0,1,0,1,160078586.0
Abduction,59965,2011,35000000.0,2247.0,5.9,106.0,19.932,8851531,24247,1271,2140,0,1,1,0,0,0,0,0,0,0,0,0,0,1,0,0,0,1,82087155.0
The Adventures of Tintin,17578,2011,130000000.0,3894.0,6.8,107.0,23.006,2250121,7009,358,1720,0,1,1,1,0,0,0,0,0,0,0,0,0,0,0,0,1,0,371940071.0
Hugo,44826,2011,170000000.0,5194.0,7.2,126.0,27.113000000000003,850006,4091,175,346,0,1,0,0,0,0,0,0,0,0,1,0,0,1,0,0,0,0,185770160.0
The Twilight Saga: Breaking Dawn - Part 1,50619,2011,110000000.0,6452.0,6.1,117.0,67.39399999999999,12197030,32389,2308,4521,0,0,0,0,0,1,0,0,0,0,0,1,0,1,0,1,0,0,712171856.0
War Horse,57212,2011,66000000.0,2385.0,7.3,146.0,16.817,2119674,8501,291,875,0,0,0,0,0,0,0,0,1,0,0,0,0,1,0,0,0,0,177584879.0
The Expendables 2,76163,2012,100000000.0,4943.0,6.2,103.0,30.472,13420409,24849,766,9266,0,0,1,0,0,0,0,0,0,0,0,0,0,0,0,1,0,0,314975955.0
The Hunger Games,70160,2012,75000000.0,16951.0,7.1,142.0,20.374,8073631,31954,969,5971,0,0,1,0,1,0,0,0,0,0,0,0,0,1,0,1,0,1,691210692.0
The Dark Knight Rises,49026,2012,250000000.0,16728.0,7.7,165.0,49.129,80467528,277340,7686,118942,0,0,1,1,0,0,0,0,0,1,0,0,0,0,0,1,0,0,1081041287.0
The Bourne Legacy,49040,2012,130000000.0,4233.0,6.1,135.0,22.209,11863873,22163,1319,7019,0,0,1,1,0,0,0,0,0,0,0,0,0,1,0,1,0,1,276572938.0
Sherlock Holmes: A Game of Shadows,58574,2011,125000000.0,7735.0,7.1,129.0,40.929,2333103,9491,234,719,0,1,1,0,0,0,0,1,0,1,0,0,0,0,0,1,0,1,334615000.0
Mission: Impossible - Ghost Protocol,56292,2011,145000000.0,7220.0,7.0,133.0,38.101,1953058,9306,301,307,0,0,1,1,0,0,0,0,0,0,0,0,0,0,0,1,0,1,694713380.0
The Girl with the Dragon Tattoo,65754,2011,90000000.0,4856.0,7.3,158.0,27.889,10354067,25503,1285,5310,0,0,0,0,0,0,0,0,0,0,0,0,0,1,0,0,0,1,232617430.0
Underworld: Awakening,52520,2012,70000000.0,3028.0,6.2,88.0,28.27,5093911,11355,432,2998,0,0,1,1,0,0,0,0,0,0,0,1,1,0,0,0,0,0,160112671.0
The Grey,75174,2012,25000000.0,2731.0,6.5,117.0,23.175,2714191,9177,416,932,0,0,1,0,0,0,0,0,0,0,0,0,0,1,0,0,0,0,77278331.0
Chronicle,76726,2012,15000000.0,3665.0,6.7,84.0,28.047,18868080,61086,1820,13789,0,0,1,0,1,0,0,0,0,0,0,0,0,0,0,0,0,1,145000000.0
The Woman in Black,65086,2012,17000000.0,2589.0,6.1,95.0,20.615,3015730,7994,324,1929,0,0,0,0,0,0,0,0,0,0,0,0,1,1,0,0,0,1,127730736.0
Safe House,59961,2012,85000000.0,2456.0,6.4,115.0,19.286,8835444,16251,657,2257,0,1,1,0,0,0,0,0,0,1,0,0,0,0,0,0,0,1,208076205.0
The Vow,72570,2012,30000000.0,3038.0,7.2,104.0,25.289,5505332,25285,511,572,0,0,0,0,0,1,0,0,0,0,0,0,0,1,0,0,0,0,196114570.0
Journey 2: The Mysterious Island,72545,2012,79000000.0,2847.0,6.1,94.0,34.09,4226684,11505,649,1070,0,0,1,1,1,0,0,1,0,0,0,0,0,0,0,1,0,0,355692760.0
Ghost Rider: Spirit of Vengeance,71676,2012,57000000.0,2523.0,4.9,95.0,34.64,4520764,14695,829,1734,0,0,1,0,0,0,0,0,0,0,0,1,0,0,0,0,0,1,132563930.0
Project X,57214,2012,12000000.0,4054.0,6.6,88.0,48.339,9499654,46468,1662,3500,0,0,0,0,0,0,0,1,0,0,0,0,0,0,0,0,0,0,100000000.0
The Lorax,73723,2012,70000000.0,2337.0,6.4,86.0,23.316,8574744,17584,1693,30,0,0,0,1,0,0,1,0,0,0,0,1,0,0,0,0,1,0,348840316.0
This Means War,59962,2012,65000000.0,2483.0,6.1,91.0,19.071,3380096,10101,381,892,0,0,1,0,0,1,0,1,0,0,0,0,0,0,0,0,0,0,156974557.0
John Carter,49529,2012,250000000.0,3988.0,6.2,132.0,26.113000000000003,11831475,17668,1420,2750,0,0,1,1,1,0,0,0,0,0,0,0,0,0,0,1,0,0,284139100.0
21 Jump Street,64688,2012,42000000.0,7763.0,6.9,109.0,27.998,4781017,19277,901,534,0,0,1,0,0,0,0,1,0,1,0,0,0,0,0,0,0,0,201585328.0
Wrath of the Titans,57165,2012,150000000.0,3010.0,5.7,99.0,23.678,19537660,35819,1782,9628,0,0,1,1,0,0,0,0,0,0,0,1,0,0,0,1,0,0,301970083.0
American Reunion,71552,2012,50000000.0,3292.0,6.2,113.0,42.162,5133391,12277,399,2572,0,0,0,0,0,0,0,1,0,0,0,0,0,0,0,0,0,0,234989584.0
The Raid,94329,2011,1100000.0,2125.0,7.4,101.0,24.875,3388952,13248,488,1167,0,0,1,0,0,0,0,0,0,1,0,0,0,0,0,0,0,0,4105187.0
The Cabin in the Woods,22970,2012,30000000.0,5346.0,6.5,95.0,34.717,10800584,21842,1717,3573,0,0,0,0,1,0,0,1,0,0,0,0,1,0,0,0,0,1,71041255.0
Mirror Mirror,62764,2012,85000000.0,2554.0,5.9,106.0,17.87,2786297,11577,620,870,0,0,0,0,0,0,0,1,0,0,0,1,0,0,0,1,0,0,183018522.0
Battleship,44833,2012,209000000.0,3911.0,5.7,131.0,38.137,15019173,27708,2151,7505,0,0,1,1,1,0,0,0,0,0,0,0,0,0,0,0,0,1,303025485.0
The Lucky One,77877,2012,25000000.0,2622.0,7.0,101.0,19.06,6398199,17097,585,977,0,0,0,0,0,0,0,0,0,0,0,0,0,1,0,0,0,0,99357138.0
Dark Shadows,62213,2012,150000000.0,5259.0,5.9,113.0,23.15,2885455,20787,542,1018,0,0,0,1,0,0,0,1,0,0,0,0,1,0,0,0,0,0,245527149.0
The Dictator,76493,2012,65000000.0,3965.0,6.1,83.0,23.803,29610162,84213,5869,13997,0,0,0,0,0,0,0,1,0,0,0,0,0,0,0,0,0,0,179379533.0
Men in Black 3,41154,2012,225000000.0,7778.0,6.5,106.0,33.893,21109358,76954,1673,12730,0,0,1,1,1,0,0,1,0,0,0,0,0,0,0,0,0,0,624026776.0
Snow White and the Huntsman,58595,2012,170000000.0,6196.0,6.0,127.0,33.793,7061780,22172,1133,2159,0,0,1,0,0,0,0,0,0,0,0,0,0,1,0,1,0,0,396600000.0
Prometheus,70981,2012,130000000.0,8766.0,6.4,124.0,41.675,32575421,59094,2895,21181,0,0,1,1,1,0,0,0,0,0,0,0,1,0,0,0,0,0,403170142.0
Moonrise Kingdom,83666,2012,16000000.0,3931.0,7.7,94.0,21.922,2866171,20137,299,882,0,0,0,0,0,1,0,1,0,0,0,0,0,1,0,0,0,0,68263166.0
Madagascar 3: Europe's Most Wanted,80321,2012,145000000.0,4272.0,6.5,93.0,39.301,9566595,17335,1746,568,0,0,0,1,0,0,0,1,0,0,1,0,0,0,0,1,1,0,746921274.0
Brave,62177,2012,185000000.0,10051.0,7.0,93.0,43.35,32586612,84863,5805,9167,0,0,1,0,0,0,0,0,0,0,1,0,0,0,0,1,1,0,538983207.0
Abraham Lincoln: Vampire Hunter,72331,2012,69000000.0,2352.0,5.6,94.0,34.469,9944765,23176,1928,8259,0,0,1,0,0,0,0,0,0,0,0,1,1,0,0,0,0,1,116471580.0
Ted,72105,2012,50000000.0,9198.0,6.4,107.0,45.505,27076494,63117,3353,7570,0,0,0,0,0,0,0,1,0,0,0,1,0,0,0,0,0,0,549368315.0
Magic Mike,77930,2012,7000000.0,2227.0,6.1,110.0,17.594,2452304,7753,820,359,0,0,0,0,0,1,0,0,0,0,0,0,0,1,0,0,0,0,167221571.0
The Amazing Spider-Man,1930,2012,215000000.0,12190.0,6.6,136.0,50.148,21112870,74661,7717,26514,0,0,1,1,1,0,0,0,0,0,0,0,0,0,0,1,0,0,757930663.0
Ice Age: Continental Drift,57800,2012,95000000.0,5573.0,6.3,88.0,44.239,14205450,19682,3251,220,0,0,0,0,0,0,0,1,0,0,0,0,0,0,0,1,1,0,877244782.0
Total Recall,64635,2012,125000000.0,4092.0,5.9,121.0,26.455,9834302,18705,2182,5872,0,0,1,0,1,0,0,0,0,0,0,0,0,0,0,0,0,1,198802074.0
Skyfall,37724,2012,200000000.0,11976.0,7.1,143.0,43.74,45870938,118724,4912,9995,0,0,1,1,0,0,0,0,0,0,0,0,0,0,0,1,0,1,1108561013.0
Pitch Perfect,114150,2012,17000000.0,5115.0,7.3,112.0,30.425,4845623,13398,595,698,0,0,0,0,0,0,1,1,0,0,0,0,0,0,0,0,0,0,115400000.0
Looper,59967,2012,30000000.0,7803.0,6.8,118.0,22.556,10622643,25770,1001,5710,0,0,1,0,1,0,0,0,0,1,0,0,0,0,0,0,0,0,47042000.0
Resident Evil: Retribution,71679,2012,65000000.0,2772.0,5.7,95.0,2.467,11786748,37702,3168,14896,0,0,1,1,1,0,0,0,0,0,0,0,1,0,0,0,0,0,240159255.0
Dredd,49049,2012,50000000.0,3438.0,6.7,95.0,26.087,3368774,12207,902,3108,0,0,1,0,1,0,0,0,0,0,0,0,0,0,0,0,0,0,41037742.0
End of Watch,77016,2012,7000000.0,2164.0,7.3,109.0,17.409000000000002,1714570,7393,251,617,0,0,0,0,0,0,0,0,0,1,0,0,0,1,0,0,0,1,48126384.0
Taken 2,82675,2012,45000000.0,4811.0,6.3,91.0,31.433000000000003,3783886,12027,472,1661,0,0,1,0,0,0,0,0,0,1,0,0,0,1,0,0,0,1,376141306.0
Frankenweenie,62214,2012,39000000.0,2191.0,6.8,87.0,37.889,2697523,10358,418,1383,0,0,0,1,0,0,0,1,0,0,0,0,1,0,0,0,1,0,35287788.0
Sinister,82507,2012,3000000.0,3588.0,6.8,110.0,21.432,6262912,26568,1113,2269,0,0,0,0,0,0,0,0,0,0,0,0,1,0,0,0,0,1,82515113.0
Hotel Transylvania,76492,2012,85000000.0,6206.0,6.9,91.0,39.571,12712592,26053,1978,3112,0,0,0,0,0,0,0,1,0,0,1,0,0,0,0,0,1,0,358375603.0
Argo,68734,2012,44500000.0,6074.0,7.3,120.0,20.139,2447700,7713,615,1230,0,0,0,0,0,0,0,0,0,0,0,0,0,1,0,0,0,1,232324128.0
Seven Psychopaths,86838,2012,15000000.0,2626.0,6.8,110.0,15.978,2393890,12111,280,612,0,0,0,0,0,0,0,1,0,1,0,0,0,0,0,0,0,0,33035736.0
Cloud Atlas,83542,2012,102000000.0,5318.0,6.8,172.0,19.019,4451637,12815,478,2263,0,0,0,1,1,0,0,0,0,0,0,0,0,1,0,0,0,0,130482868.0
Wreck-It Ralph,82690,2012,165000000.0,9298.0,7.3,101.0,51.615,13496327,35831,2417,1,0,0,0,0,0,0,0,1,0,0,0,0,0,0,0,0,1,0,471222889.0
Silver Linings Playbook,82693,2012,21000000.0,9120.0,7.1,122.0,22.761,528068,2626,83,131,0,0,0,0,0,0,0,1,0,0,0,0,0,1,0,0,0,0,236412453.0
Flight,87502,2012,31000000.0,4279.0,6.7,138.0,19.953,2102968,7313,301,592,0,0,0,0,0,0,0,0,0,0,0,0,0,1,0,0,0,0,161772375.0
Life of Pi,87827,2012,120000000.0,10244.0,7.4,127.0,28.653,5818494,19984,1162,1655,0,0,0,1,0,0,0,0,0,0,0,0,0,1,0,1,0,0,609016565.0
Lincoln,72976,2012,65000000.0,2739.0,6.8,149.0,17.506,5505077,17241,785,5716,0,0,0,0,0,0,0,0,1,0,0,0,0,1,0,0,0,0,275293450.0
The Twilight Saga: Breaking Dawn - Part 2,50620,2012,120000000.0,6509.0,6.4,115.0,69.922,67282177,157872,19541,35150,0,0,0,1,0,1,0,0,0,0,0,1,0,1,0,1,0,0,829000000.0
Rise of the Guardians,81188,2012,145000000.0,4731.0,7.3,97.0,35.55300000000001,16838652,64631,2802,3559,0,0,0,1,0,0,0,0,0,0,1,1,0,0,0,1,1,0,306941670.0
The Hobbit: An Unexpected Journey,49051,2012,250000000.0,14012.0,7.3,169.0,46.502,7289398,28823,712,3558,0,0,0,1,0,0,0,0,0,0,0,1,0,0,0,1,0,0,1021103568.0
Zero Dark Thirty,97630,2012,40000000.0,3121.0,6.9,157.0,22.584,6800383,15557,1969,3371,0,0,1,0,0,0,0,0,0,0,0,0,0,1,0,0,0,1,132820716.0
Warm Bodies,82654,2013,35000000.0,4783.0,6.4,97.0,23.764,17253668,91549,2745,16234,0,0,0,0,0,1,0,1,0,0,0,0,1,0,0,0,0,0,116980662.0
Jack Reacher,75780,2012,60000000.0,4888.0,6.5,130.0,24.616,3431313,9188,544,975,0,0,1,0,0,0,0,0,0,1,0,0,0,0,0,0,0,1,218340595.0
Django Unchained,68718,2012,100000000.0,19191.0,8.1,165.0,30.254,6425024,24287,864,3165,0,0,1,0,0,0,0,0,0,0,0,0,0,1,1,0,0,0,425368238.0
The Impossible,80278,2012,45000000.0,4556.0,7.3,113.0,26.638,15858658,69626,2011,8092,0,0,0,0,0,0,0,0,0,0,0,0,0,1,0,0,0,1,198087212.0
Les Mis√©rables,82695,2012,61000000.0,3980.0,7.4,158.0,14.243,12815917,45614,1484,7968,0,0,0,1,0,1,1,0,0,0,0,0,0,1,0,0,0,0,441809770.0
Gangster Squad,82682,2013,60000000.0,3028.0,6.3,113.0,13.208,2366772,9700,225,1271,0,0,1,0,0,0,0,0,0,1,0,0,0,1,0,0,0,0,105200903.0
Mama,132232,2013,15000000.0,3008.0,6.2,100.0,22.763,20759317,57911,5098,6410,0,0,0,0,0,0,0,0,0,0,0,0,1,0,0,0,0,0,146497771.0
Parker,119283,2013,35000000.0,2227.0,5.9,118.0,25.13300000000001,1650984,4504,229,265,0,0,0,0,0,0,0,0,0,1,0,0,0,0,0,0,0,1,46216641.0
Hansel & Gretel: Witch Hunters,60304,2013,50000000.0,5233.0,6.0,88.0,30.243,11330010,33620,2072,6327,0,0,1,1,0,0,0,0,0,0,0,1,1,0,0,0,0,0,226349749.0
Side Effects,109421,2013,30000000.0,2274.0,6.5,106.0,19.013,5803759,6353,623,1055,0,1,0,0,0,0,0,0,0,1,0,0,0,1,0,0,0,1,63372757.0
Identity Thief,109431,2013,35000000.0,2554.0,5.8,111.0,17.686,6242315,16376,793,1197,0,0,0,0,0,0,0,1,0,1,0,0,0,0,0,0,0,0,173965010.0
Beautiful Creatures,109491,2013,60000000.0,2265.0,5.9,124.0,17.087,7770653,23698,1354,6276,0,0,0,0,0,1,0,0,0,0,0,1,0,1,0,0,0,0,60052138.0
A Good Day to Die Hard,47964,2013,92000000.0,4955.0,5.3,98.0,33.958,4242285,11584,566,2363,0,0,1,1,0,0,0,0,0,1,0,0,0,0,0,0,0,1,304654182.0
Jack the Giant Slayer,81005,2013,195000000.0,3885.0,5.7,114.0,31.102,9143074,17464,1658,2496,0,0,0,1,0,0,0,0,0,0,0,1,0,0,0,1,0,0,197687603.0
G.I. Joe: Retaliation,72559,2013,130000000.0,4357.0,5.5,110.0,24.987,1475036,9714,386,416,0,0,1,1,1,0,0,0,0,0,0,0,0,0,0,1,0,1,371876278.0
Oz the Great and Powerful,68728,2013,200000000.0,5433.0,5.9,130.0,26.083,13360945,33038,1803,2549,0,0,1,1,0,0,0,0,0,0,0,1,0,0,0,1,0,0,491868548.0
The Croods,49519,2013,135000000.0,4859.0,6.8,98.0,92.066,13079340,24041,3522,3,0,0,0,0,0,0,0,1,0,0,0,0,0,0,0,1,1,0,587204668.0
Spring Breakers,122081,2013,5000000.0,3011.0,5.2,94.0,15.583,1506300,7315,545,685,0,0,0,0,0,0,0,1,0,1,0,0,0,1,0,0,0,0,31724284.0
The Call,158011,2013,13000000.0,2133.0,6.7,94.0,27.511,4224327,14603,451,1058,0,0,0,0,0,0,0,0,0,0,0,0,0,1,0,0,0,1,68572378.0
Olympus Has Fallen,117263,2013,70000000.0,4926.0,6.3,120.0,24.552,5562139,15372,949,3241,0,0,1,0,0,0,0,0,0,0,0,0,0,0,0,0,0,1,161025640.0
The Place Beyond the Pines,97367,2012,15000000.0,3462.0,6.9,140.0,16.317999999999998,8909562,22791,784,4364,0,0,0,0,0,0,0,0,0,1,0,0,0,1,0,0,0,0,35485608.0
The Host,72710,2013,44000000.0,3263.0,6.3,125.0,21.06,6305883,26207,1325,6814,0,0,1,0,0,1,0,0,0,0,0,0,0,0,0,1,0,0,63327201.0
Evil Dead,109428,2013,17000000.0,3181.0,6.4,91.0,31.015,7172360,25789,2576,2537,0,0,0,0,0,0,0,0,0,0,0,0,1,0,0,0,0,0,97542952.0
Oblivion,75612,2013,120000000.0,8077.0,6.6,124.0,30.433000000000003,9466672,28124,1277,5024,0,0,1,1,1,0,0,0,0,0,0,0,0,0,0,1,0,0,286168572.0
Pain & Gain,134374,2013,25000000.0,3162.0,6.2,130.0,29.647,22528847,60907,3194,7464,0,0,1,0,0,0,0,1,0,1,0,0,0,0,0,0,0,0,87305549.0
This Is the End,109414,2013,32000000.0,4559.0,6.2,107.0,28.439,3693053,20719,620,2164,0,0,1,0,0,0,0,1,0,0,0,0,0,0,0,0,0,0,126041322.0
Iron Man 3,68721,2013,200000000.0,16702.0,6.9,130.0,56.773,54707052,174314,8318,22446,0,0,1,1,1,0,0,0,0,0,0,0,0,0,0,0,0,1,1214811252.0
The Great Gatsby,64682,2013,105000000.0,8994.0,7.4,143.0,29.964,26663126,93608,3183,19533,0,0,0,0,0,0,0,0,0,0,0,0,0,1,0,0,0,0,351040419.0
Star Trek Into Darkness,54138,2013,190000000.0,7104.0,7.3,132.0,27.551,14895868,41796,2061,9617,0,0,1,1,1,0,0,0,0,0,0,0,0,0,0,1,0,0,467365246.0
The Internship,116741,2013,58000000.0,3106.0,6.2,119.0,0.831,6334746,16049,802,2556,0,0,0,0,0,0,0,1,0,0,0,0,0,0,0,0,0,0,44000000.0
The Hangover Part III,109439,2013,103000000.0,6309.0,6.2,100.0,46.646,20335482,56956,2587,7947,0,0,0,0,0,0,0,1,0,0,0,0,0,0,0,0,0,0,362000072.0
Fast & Furious 6,82992,2013,160000000.0,8152.0,6.8,131.0,4.506,46690696,132435,5983,20383,0,0,1,1,0,0,0,0,0,1,0,0,0,0,0,0,0,1,788679850.0
After Earth,82700,2013,130000000.0,5090.0,5.2,100.0,19.879,24608819,64559,4826,14529,0,0,1,1,1,0,0,0,0,0,0,0,0,0,0,1,0,0,243843127.0
Now You See Me,75656,2013,75000000.0,11869.0,7.4,116.0,35.295,18912771,60507,1841,6888,0,1,0,0,0,0,0,0,0,1,0,0,0,0,0,0,0,1,351723989.0
Man of Steel,49521,2013,225000000.0,11403.0,6.5,143.0,43.612,110344918,411679,16823,132781,0,0,1,1,1,0,0,0,0,0,0,1,0,0,0,1,0,0,668045518.0
The Purge,158015,2013,3000000.0,6033.0,6.2,86.0,66.664,38554179,152348,9403,37930,0,0,0,0,0,0,0,0,0,1,0,0,1,0,0,0,0,1,89328627.0
The Bling Ring,96936,2013,15000000.0,2441.0,5.4,90.0,11.716,10816408,34710,1921,5556,0,0,0,0,0,0,0,0,0,1,0,0,0,1,0,0,0,0,19145732.0
Monsters University,62211,2013,200000000.0,7781.0,7.0,104.0,37.96,21195666,41447,6252,616,0,0,0,0,0,0,0,1,0,0,0,0,0,0,0,1,1,0,743559607.0
Pacific Rim,68726,2013,180000000.0,9029.0,6.8,131.0,56.6,33415909,112242,5034,35105,0,0,1,1,1,0,0,0,0,0,0,0,0,0,0,1,0,0,407602906.0
World War Z,72190,2013,200000000.0,11260.0,6.8,116.0,49.548,26862490,76855,5091,20945,0,0,1,1,0,0,0,0,0,0,0,0,1,1,0,0,0,0,531865000.0
Elysium,68724,2013,115000000.0,6418.0,6.5,109.0,29.875,21367518,48051,2360,10448,0,0,1,1,1,0,0,0,0,0,0,0,0,1,0,0,0,0,286140700.0
Despicable Me 2,93456,2013,76000000.0,8634.0,6.9,98.0,38.89,37844365,61893,14899,759,0,0,0,1,0,0,0,1,0,0,1,0,0,0,0,0,1,0,970761885.0
White House Down,117251,2013,150000000.0,3430.0,6.4,131.0,22.596,10258885,10223,858,1793,0,0,1,1,0,0,0,0,0,0,0,0,0,1,0,0,0,1,205366737.0
The World's End,107985,2013,20000000.0,3733.0,6.8,109.0,26.468000000000004,9403435,30302,1276,4622,0,0,1,0,1,0,0,1,0,0,0,0,0,0,0,0,0,0,46089287.0
The Heat,136795,2013,43000000.0,2946.0,6.6,117.0,23.4,7540773,26435,1054,2372,0,0,1,0,0,0,0,1,0,1,0,0,0,0,0,0,0,0,158674180.0
The Lone Ranger,57201,2013,255000000.0,4502.0,6.0,149.0,29.547,13850192,34701,1753,1132,0,0,1,1,0,0,0,0,0,0,0,0,0,0,1,1,0,0,89289910.0
The Spectacular Now,157386,2013,2500000.0,2210.0,6.6,95.0,20.475,19786567,98564,1435,4442,0,0,0,0,0,1,0,1,0,0,0,0,0,1,0,0,0,0,6854611.0
R.I.P.D.,49524,2013,130000000.0,2565.0,5.7,96.0,27.122,1526000,7045,308,690,0,0,1,0,0,0,0,1,0,0,0,1,0,0,0,0,0,0,61648500.0
The Conjuring,138843,2013,13000000.0,7522.0,7.5,112.0,67.074,43785379,114907,7232,18302,0,0,0,0,0,0,0,0,0,0,0,0,1,0,0,0,0,1,319494638.0
Turbo,77950,2013,135000000.0,2258.0,6.1,96.0,23.225,14991511,23596,3054,26,0,0,0,0,0,0,0,1,0,0,1,1,0,0,0,1,1,0,282570682.0
The Wolverine,76170,2013,120000000.0,7157.0,6.4,126.0,7.336,30579475,84832,4492,12973,0,0,1,0,1,0,0,0,0,0,0,1,0,0,0,1,0,0,415440673.0
RED 2,146216,2013,84000000.0,2864.0,6.5,116.0,30.368,6510111,15108,635,1541,0,0,1,0,0,0,0,1,0,1,0,0,0,0,0,0,0,1,148100000.0
2 Guns,136400,2013,61000000.0,2883.0,6.5,109.0,22.556,2048757,5693,218,368,0,0,1,0,0,0,0,1,0,1,0,0,0,0,0,0,0,0,131940411.0
Blue Jasmine,160588,2013,18000000.0,2546.0,7.0,99.0,17.387,897068,2790,247,226,0,0,0,0,0,0,0,0,0,0,0,0,0,1,0,0,0,0,99206215.0
Percy Jackson: Sea of Monsters,76285,2013,90000000.0,3856.0,6.0,106.0,16.159000000000002,14851327,57303,3328,3802,0,0,0,0,0,0,0,0,0,0,1,1,0,0,0,1,0,0,199850315.0
We're the Millers,138832,2013,37000000.0,6471.0,6.8,110.0,29.361,18652488,54511,2524,6286,0,0,0,0,0,0,0,1,0,1,0,0,0,0,0,0,0,0,269994119.0
Grown Ups 2,109418,2013,80000000.0,2746.0,6.0,100.0,38.878,4753722,19307,1411,2804,0,0,0,0,0,0,0,1,0,0,0,0,0,0,0,0,0,0,247022278.0
Kick-Ass 2,59859,2013,28000000.0,4547.0,6.4,103.0,31.599,8615614,45950,1644,8229,0,0,1,0,0,0,0,1,0,1,0,0,0,0,0,0,0,0,60700000.0
Riddick,87421,2013,38000000.0,2958.0,6.3,119.0,24.00800000000001,2884650,8667,533,805,0,0,1,1,1,0,0,0,0,0,0,0,0,0,0,0,0,1,98337295.0
The Mortal Instruments: City of Bones,123553,2013,60000000.0,3590.0,6.4,130.0,36.379,15876637,89549,2611,20113,0,0,1,1,0,0,0,0,0,0,0,0,0,1,0,1,0,0,95396573.0
The Butler,132363,2013,25000000.0,2185.0,7.4,132.0,16.441,4926697,12076,939,3210,0,0,0,0,0,0,0,0,0,0,0,0,0,1,0,0,0,0,115922175.0
About Time,122906,2013,12000000.0,5473.0,7.9,123.0,31.553,20371588,82216,1940,4764,0,0,0,0,0,1,0,0,0,0,0,1,0,1,0,0,0,0,87100449.0
Gravity,49047,2013,105000000.0,11679.0,7.2,91.0,32.388000000000005,28943740,77287,6696,22364,0,0,1,1,1,0,0,0,0,0,0,0,0,0,0,0,0,0,723192705.0
Prisoners,146233,2013,46000000.0,7360.0,8.0,153.0,25.94400000000001,15200061,45964,1454,6391,0,1,0,0,0,0,0,0,0,0,0,0,0,1,0,0,0,1,122126687.0
Rush,96721,2013,38000000.0,4910.0,7.7,123.0,22.545,4151720,17128,522,1879,0,0,1,0,0,0,0,0,0,0,0,0,0,1,0,0,0,0,90247624.0
The Family,112205,2013,30000000.0,2108.0,6.3,111.0,31.549,1437726,9403,259,398,0,0,1,0,0,0,0,1,0,1,0,0,0,0,0,0,0,0,36894225.0
Blue Is the Warmest Color,152584,2013,4300000.0,3099.0,7.1,180.0,15.586,28786561,31311,7867,2711,0,0,0,0,0,1,0,0,0,0,0,0,0,1,0,0,0,0,10165694.0
Cloudy with a Chance of Meatballs 2,109451,2013,78000000.0,2145.0,6.4,95.0,29.393,1702226,4974,357,378,0,0,0,0,0,0,0,1,0,0,1,1,0,0,0,0,1,0,248384621.0
Captain Phillips,109424,2013,55000000.0,4784.0,7.6,134.0,20.719,3943593,12678,500,1369,0,0,0,1,0,0,0,0,0,0,0,0,0,1,0,1,0,1,95000000.0
Escape Plan,107846,2013,50000000.0,3581.0,6.7,115.0,35.015,8898300,19187,948,2171,0,1,1,0,0,0,0,0,0,0,0,0,0,0,0,0,0,1,122915111.0
Carrie,133805,2013,30000000.0,3297.0,6.0,100.0,28.643,5732512,35464,1311,5575,0,0,0,0,0,0,0,0,0,0,0,0,1,1,0,0,0,0,82394288.0
12 Years a Slave,76203,2013,20000000.0,8307.0,8.0,134.0,16.262,6814225,27112,893,4223,0,0,0,0,0,0,0,0,0,0,0,0,0,1,0,0,0,0,187000000.0
Ender's Game,80274,2013,110000000.0,4214.0,6.6,114.0,20.845,25609783,66764,4733,24252,0,0,1,1,1,0,0,0,0,0,0,0,0,0,0,1,0,0,125537191.0
Thor: The Dark World,76338,2013,170000000.0,12490.0,6.6,112.0,47.11600000000001,24535259,98705,3595,14739,0,0,1,1,0,0,0,0,0,0,0,1,0,0,0,1,0,0,644571402.0
Dallas Buyers Club,152532,2013,5000000.0,6133.0,7.9,117.0,18.794,4458325,13582,387,1070,0,0,0,0,0,0,0,0,0,0,0,0,0,1,0,0,0,0,55736588.0
The Book Thief,203833,2013,0.0,3309.0,7.5,131.0,21.864,7057585,36027,868,4257,0,0,0,0,0,0,0,0,1,0,1,0,0,1,0,0,0,0,76586316.0
The Hunger Games: Catching Fire,101299,2013,130000000.0,13163.0,7.4,146.0,27.879,69569207,355117,9714,70144,0,0,1,1,1,0,0,0,0,0,0,0,0,0,0,1,0,0,847423452.0
The Hobbit: The Desolation of Smaug,57158,2013,250000000.0,9321.0,7.6,161.0,45.354,32519871,137847,4180,24443,0,0,0,1,0,0,0,0,0,0,0,1,0,0,0,1,0,0,958400000.0
47 Ronin,64686,2013,175000000.0,2590.0,6.1,119.0,23.084,22138326,56522,2556,9591,0,0,1,0,0,0,0,0,0,0,0,1,0,0,0,1,0,0,150962475.0
Frozen,109445,2013,150000000.0,12399.0,7.3,102.0,68.242,98263881,148945,23448,2610,0,0,0,0,0,1,1,1,0,0,0,1,0,0,0,1,1,0,1274219009.0
The Wolf of Wall Street,106646,2013,100000000.0,16118.0,8.0,180.0,56.909,31546505,129643,4283,13113,0,0,0,0,0,0,0,1,0,1,0,0,0,1,0,0,0,0,392000694.0
Homefront,204082,2013,22000000.0,2236.0,6.9,100.0,48.528,10722004,33925,1081,2719,0,0,1,0,0,0,0,0,0,1,0,0,0,0,0,0,0,1,43058898.0
American Hustle,168672,2013,40000000.0,5446.0,6.8,138.0,19.198,12035577,17481,1328,2804,0,0,0,0,0,0,0,0,0,1,0,0,0,1,0,0,0,0,251171807.0
The Secret Life of Walter Mitty,116745,2013,90000000.0,5729.0,7.1,114.0,14.792,11234218,46980,1330,5741,0,0,0,0,0,0,0,1,0,0,0,0,0,1,0,1,0,0,188133322.0
Her,152601,2013,23000000.0,10206.0,7.9,126.0,26.224,9182779,46091,1459,4380,0,0,0,0,1,1,0,0,0,0,0,0,0,1,0,0,0,0,47351251.0
Lone Survivor,193756,2013,40000000.0,2896.0,7.4,121.0,30.574,23091310,58861,4208,11722,0,0,1,0,0,0,0,0,1,0,0,0,0,1,0,0,0,1,149295601.0
Saving Mr. Banks,140823,2013,35000000.0,2500.0,7.4,125.0,10.297,6828798,20658,853,144,0,0,0,0,0,0,0,1,0,0,0,0,0,1,0,0,0,0,112544580.0
Snowpiercer,110415,2013,39200000.0,6610.0,6.8,127.0,34.617,7299284,35556,1166,3037,0,0,1,0,1,0,0,0,0,0,0,0,0,1,0,0,0,0,86758912.0
Divergent,157350,2014,85000000.0,9939.0,6.9,139.0,46.809,45210542,152623,5768,16884,0,0,0,1,1,1,0,0,0,0,0,0,0,0,0,1,0,0,288747895.0
Enemy,181886,2013,0.0,3829.0,6.9,91.0,22.88,10602070,33553,1682,2304,0,1,0,0,0,0,0,0,0,0,0,0,0,0,0,0,0,1,3396726.0
The Monuments Men,152760,2014,70000000.0,2640.0,6.0,118.0,12.283,748867,3726,248,351,0,0,1,0,0,0,0,0,1,0,0,0,0,1,0,0,0,0,154984035.0
The Lego Movie,137106,2014,60000000.0,5750.0,7.4,100.0,30.56,45949087,177035,9751,4348,0,0,1,0,0,0,0,1,0,0,1,1,0,0,0,1,1,0,469160692.0
RoboCop,97020,2014,120000000.0,4065.0,5.8,118.0,31.566,7904072,28133,2313,5211,0,0,1,1,1,0,0,0,0,1,0,0,0,0,0,0,0,0,242688965.0
The Grand Budapest Hotel,120467,2014,30000000.0,10187.0,8.0,100.0,24.125,14082991,56995,1385,3402,0,0,0,0,0,0,0,1,0,0,0,0,0,1,0,0,0,0,174600318.0
Interstellar,157336,2014,165000000.0,23868.0,8.3,169.0,71.657,70922585,248720,8107,21382,0,0,0,1,1,0,0,0,0,0,0,0,0,0,0,0,0,0,675120017.0
Non-Stop,225574,2014,50000000.0,3928.0,6.8,106.0,35.23699999999999,14908793,35717,1401,4351,0,1,1,0,0,0,0,0,0,0,0,0,0,0,0,0,0,1,222809600.0
300: Rise of an Empire,53182,2014,110000000.0,4761.0,6.1,102.0,34.948,33038866,105361,4769,22119,0,0,1,1,0,0,0,0,1,0,0,0,0,1,0,0,0,0,337580051.0
Under the Skin,97370,2013,13300000.0,2249.0,6.1,108.0,21.83,2356340,6248,735,670,0,0,0,0,1,0,0,0,0,0,0,0,1,0,0,0,0,1,5380251.0
Need for Speed,136797,2014,66000000.0,3034.0,6.3,130.0,28.849,3949777,22574,1113,3088,0,0,1,1,0,0,0,0,0,1,0,0,0,1,0,0,0,0,203277636.0
Captain America: The Winter Soldier,100402,2014,170000000.0,13463.0,7.7,136.0,28.965,37519474,152895,4489,13256,0,0,1,1,1,0,0,0,0,0,0,0,0,0,0,1,0,0,714766572.0
Noah,86834,2014,125000000.0,4698.0,5.6,138.0,27.262,15856964,49050,4640,14562,0,0,0,1,0,0,0,0,0,0,0,0,0,1,0,1,0,0,362637473.0
The Amazing Spider-Man 2,102382,2014,200000000.0,8703.0,6.4,142.0,59.655,57123776,247092,14384,40092,0,0,1,1,1,0,0,0,0,0,0,0,0,0,0,0,0,0,708962323.0
Oculus,157547,2013,5000000.0,2126.0,6.4,104.0,16.886,11942488,32219,1885,3359,0,0,0,0,0,0,0,0,0,0,0,0,1,0,0,0,0,0,44459951.0
Rio 2,172385,2014,103000000.0,2371.0,6.4,102.0,32.387,12138612,32602,3097,2,0,0,0,0,0,0,0,1,0,0,1,0,0,0,0,1,1,0,500188435.0
Transcendence,157353,2014,100000000.0,4137.0,6.0,119.0,20.472,20746890,57679,2264,6719,0,0,0,1,1,0,0,0,0,0,0,0,0,1,0,0,0,0,103039258.0
The Other Woman,193610,2014,40000000.0,2704.0,6.4,109.0,22.963,16962787,102235,3591,4109,0,0,0,0,0,1,0,1,0,0,0,0,0,0,0,0,0,0,196781193.0
Pompeii,76649,2014,100000000.0,2484.0,5.4,105.0,21.63,11080269,26562,2933,5017,0,0,1,0,0,0,0,0,0,0,0,0,0,1,0,1,0,0,117831631.0
Neighbors,195589,2014,18000000.0,5357.0,6.2,96.0,23.924,20412162,62982,2310,2836,0,0,0,0,0,0,0,1,0,0,0,0,0,0,0,0,0,0,270665134.0
Lucy,240832,2014,40000000.0,12180.0,6.4,89.0,54.057,48201542,177747,9111,22195,0,0,1,0,1,0,0,0,0,0,0,0,0,0,0,0,0,0,458863600.0
X-Men: Days of Future Past,127585,2014,250000000.0,11781.0,7.5,132.0,46.197,76598824,270686,11565,43244,0,0,1,0,1,0,0,0,0,0,0,0,0,0,0,1,0,0,747862775.0
Godzilla,124905,2014,160000000.0,6215.0,6.2,123.0,49.361,69141580,271477,10293,55579,0,0,1,1,1,0,0,0,0,0,0,0,0,0,0,1,0,0,529076069.0
Chef,212778,2014,11000000.0,2238.0,7.1,114.0,24.271,6919491,43988,1151,2232,0,0,0,0,0,0,0,1,0,0,0,0,0,0,0,0,0,0,45967935.0
Blended,232672,2014,40000000.0,2316.0,6.8,117.0,38.889,15456771,50297,3106,2681,0,0,0,0,0,0,0,1,0,0,0,0,0,0,0,0,0,0,123494610.0
Begin Again,198277,2013,8000000.0,2698.0,7.3,104.0,19.703,14393791,48552,1209,1840,0,0,0,0,0,1,0,1,0,0,0,0,0,0,0,0,0,0,63464861.0
Maleficent,102651,2014,180000000.0,10317.0,7.1,97.0,46.03100000000001,41180104,139565,6085,12768,0,0,1,1,0,0,0,0,0,0,1,0,0,0,0,1,0,0,758539785.0
A Million Ways to Die in the West,188161,2014,40000000.0,2808.0,5.9,116.0,41.04,11876776,44609,2068,3609,0,0,0,0,0,0,0,1,0,0,0,0,0,0,1,0,0,0,86410000.0
Edge of Tomorrow,137113,2014,178000000.0,9875.0,7.6,113.0,43.783,25068268,74379,3444,12517,0,0,1,1,1,0,0,0,0,0,0,0,0,0,0,0,0,0,370541256.0
Mission: Impossible - Rogue Nation,177677,2015,150000000.0,6253.0,7.2,131.0,37.313,37006385,83673,3329,5886,0,0,1,0,0,0,0,0,0,0,0,0,0,0,0,1,0,1,682330139.0
The Fault in Our Stars,222935,2014,12000000.0,8864.0,7.6,125.0,25.432,48130920,613566,7633,42720,0,0,0,0,0,1,0,0,0,0,0,0,0,1,0,0,0,0,307166834.0
22 Jump Street,187017,2014,50000000.0,6023.0,6.9,112.0,24.142,19920639,120763,4135,6310,0,0,1,0,0,0,0,1,0,1,0,0,0,0,0,0,0,0,188441614.0
The Equalizer,156022,2014,55000000.0,6130.0,7.2,132.0,43.88399999999999,16126632,34466,1304,2705,0,0,1,0,0,0,0,0,0,1,0,0,0,0,0,0,0,1,192330738.0
How to Train Your Dragon 2,82702,2014,145000000.0,6944.0,7.7,102.0,49.848,14166460,75573,2614,1,0,0,1,0,0,0,0,0,0,0,0,0,0,0,0,1,1,0,609123048.0
Birdman or (The Unexpected Virtue of Ignorance),194662,2014,18000000.0,9796.0,7.5,120.0,34.273,32269845,53783,9411,8445,0,0,0,0,0,0,0,1,0,0,0,0,0,1,0,0,0,0,103215094.0
Boyhood,85350,2014,4000000.0,3788.0,7.5,165.0,18.192,7360524,27268,831,2583,0,0,0,0,0,0,0,0,0,0,0,0,0,1,0,0,0,0,44349000.0
Transformers: Age of Extinction,91314,2014,210000000.0,5763.0,5.9,165.0,49.672,23432133,67436,4425,10905,0,0,1,0,1,0,0,0,0,0,0,0,0,0,0,1,0,0,1104054072.0
Whiplash,244786,2014,3300000.0,10206.0,8.4,107.0,37.751,13780383,45656,1380,3331,0,0,0,0,0,0,0,0,0,0,0,0,0,1,0,0,0,0,13092000.0
Gone Girl,210577,2014,61000000.0,13198.0,7.9,149.0,37.823,12463534,29989,1416,2462,0,0,0,0,0,0,0,0,0,0,0,0,0,1,0,0,0,1,369330363.0
Dawn of the Planet of the Apes,119450,2014,170000000.0,8310.0,7.3,130.0,30.705,38695899,107625,5809,10117,0,0,0,0,1,0,0,0,0,0,0,0,0,0,0,0,0,0,710644566.0
Sex Tape,225886,2014,40000000.0,3223.0,5.4,97.0,44.57899999999999,19104352,41428,9128,2730,0,0,0,0,0,0,0,1,0,0,0,0,0,0,0,0,0,0,126069509.0
I Origins,244267,2014,0.0,2286.0,7.6,106.0,18.147,5412962,25233,1269,1929,0,0,0,0,1,0,0,0,0,0,0,0,0,1,0,0,0,0,336472.0
The Purge: Anarchy,238636,2014,9000000.0,4666.0,6.6,104.0,61.29,26199135,65810,3984,14916,0,0,1,0,0,0,0,0,0,0,0,0,1,0,0,0,0,1,111928365.0
Guardians of the Galaxy,118340,2014,170000000.0,21264.0,7.9,121.0,26.186,18776018,85132,3567,6570,0,0,1,0,1,0,0,0,0,0,0,0,0,0,0,1,0,0,772776600.0
The Expendables 3,138103,2014,90000000.0,3523.0,6.2,127.0,29.552,30867905,85426,2960,10253,0,0,1,0,0,0,0,0,0,0,0,0,0,0,0,1,0,0,206172544.0
Hercules,184315,2014,100000000.0,3045.0,5.7,99.0,44.207,31938775,68065,6369,7934,0,0,1,0,0,0,0,0,0,0,0,0,0,0,0,1,0,0,244819862.0
Jupiter Ascending,76757,2015,176000003.0,5197.0,5.4,127.0,47.588,11714949,26968,2204,3902,0,0,1,0,1,0,0,0,0,0,0,0,0,0,0,1,0,0,183987723.0
Teenage Mutant Ninja Turtles,98566,2014,125000000.0,5132.0,5.9,101.0,65.984,17901720,56729,5955,0,0,0,1,0,0,0,0,1,0,0,0,0,0,0,0,1,0,0,477200000.0
The Giver,227156,2014,25000000.0,3613.0,6.5,97.0,17.588,4279806,15471,978,3319,0,0,0,0,1,0,0,0,0,0,0,0,0,1,0,0,0,0,66980456.0
Sin City: A Dame to Kill For,189,2014,65000000.0,2743.0,6.3,102.0,35.36400000000001,9997365,30385,1943,2790,0,0,1,0,0,0,0,0,0,1,0,0,0,0,0,0,0,1,39407616.0
If I Stay,249164,2014,11000000.0,3368.0,7.4,106.0,30.657,24790158,137940,2402,7073,0,0,0,0,0,0,0,0,0,0,0,0,0,1,0,0,0,0,78874843.0
The Maze Runner,198663,2014,34000000.0,12583.0,7.1,113.0,86.338,26521380,141017,2798,11241,0,1,1,0,1,0,0,0,0,0,0,0,0,0,0,0,0,0,348319861.0
American Sniper,190859,2014,58800000.0,9545.0,7.4,133.0,38.454,45371018,121664,11328,15474,0,0,1,0,0,0,0,0,1,0,0,0,0,0,0,0,0,0,542307423.0
Annabelle,250546,2014,6500000.0,4403.0,5.7,99.0,38.159,38737511,102425,12956,8431,0,0,0,0,0,0,0,0,0,0,0,0,1,0,0,0,0,0,257047661.0
Dracula Untold,49017,2014,70000000.0,4530.0,6.3,92.0,28.014,16036183,64928,4131,8724,0,0,1,0,0,0,0,0,0,0,0,1,0,1,0,0,0,0,217124280.0
Predestination,206487,2014,5500000.0,4309.0,7.4,97.0,23.448,9126226,25109,786,2740,0,1,1,0,1,0,0,0,0,0,0,0,0,0,0,0,0,1,4824499.0
What We Do in the Shadows,246741,2014,1600000.0,2235.0,7.6,86.0,18.341,6097124,40015,1245,1214,0,0,0,0,0,0,0,1,0,0,0,0,1,0,0,0,0,0,6263224.0
John Wick,245891,2014,20000000.0,13290.0,7.3,101.0,37.76300000000001,33527075,112504,4191,8788,0,0,1,0,0,0,0,0,0,0,0,0,0,0,0,0,0,1,88761661.0
The Judge,205587,2014,50000000.0,2890.0,7.3,141.0,25.522,8670134,57936,1080,2408,0,0,0,0,0,0,0,0,0,0,0,0,0,1,0,0,0,0,83719388.0
Fury,228150,2014,68000000.0,8405.0,7.5,135.0,54.478,7721123,22823,1047,2531,0,0,1,0,0,0,0,0,1,0,0,0,0,1,0,0,0,0,211817906.0
Nightcrawler,242582,2014,8500000.0,7382.0,7.7,118.0,30.714,6756181,25061,819,3065,0,0,0,0,0,0,0,0,0,1,0,0,0,1,0,0,0,1,50300000.0
Big Hero 6,177572,2014,165000000.0,12123.0,7.8,102.0,88.664,73067220,187936,20488,6715,0,0,1,0,0,0,0,1,0,0,0,0,0,0,0,0,1,0,657827828.0
"Love, Rosie",200727,2014,0.0,4644.0,7.8,102.0,33.776,25213231,122844,2541,4636,0,0,0,0,0,1,0,1,0,0,0,0,0,0,0,0,0,0,4439431.0
Ex Machina,264660,2015,15000000.0,9586.0,7.6,108.0,29.164,19926308,46393,2051,6292,0,0,0,0,1,0,0,0,0,0,0,0,0,1,0,0,0,1,36869414.0
The Imitation Game,205596,2014,14000000.0,12640.0,8.0,113.0,41.347,8187911,36746,851,2161,0,0,0,0,0,0,0,0,1,0,0,0,0,1,0,0,0,1,233555708.0
The Hunger Games: Mockingjay - Part 1,131631,2014,125000000.0,11940.0,6.8,123.0,59.75100000000001,60989939,319842,8261,30074,0,0,0,0,1,0,0,0,0,0,0,0,0,0,0,1,0,1,752100229.0
Exodus: Gods and Kings,147441,2014,140000000.0,3444.0,5.8,150.0,65.062,27693325,64067,6710,19837,0,0,1,0,0,0,0,0,0,0,0,0,0,1,0,1,0,0,268031828.0
Dumb and Dumber To,100042,2014,40000000.0,2281.0,5.5,110.0,32.592,34559103,92247,6129,7774,0,0,0,0,0,0,0,1,0,0,0,0,0,0,0,0,0,0,169837010.0
The Theory of Everything,266856,2014,15000000.0,8016.0,7.9,123.0,24.292,25427473,202734,3537,10779,0,0,0,0,0,1,0,0,0,0,0,0,0,1,0,0,0,0,123726688.0
In the Heart of the Sea,205775,2015,100000000.0,2809.0,6.7,122.0,22.365,18824680,74098,2829,3664,0,0,1,0,0,0,0,0,0,0,0,0,0,1,0,1,0,0,93920758.0
Jurassic World,135397,2015,150000000.0,16073.0,6.6,124.0,89.256,120426090,467471,25018,61895,0,0,1,0,1,0,0,0,0,0,0,0,0,1,0,1,0,1,1671713208.0
Horrible Bosses 2,227159,2014,42000000.0,3095.0,6.2,108.0,34.165,9895636,22006,913,1682,0,0,0,0,0,0,0,1,0,1,0,0,0,0,0,0,0,0,107670357.0
Penguins of Madagascar,270946,2014,132000000.0,2912.0,6.5,92.0,70.07600000000001,17377959,39883,2445,3,0,0,0,0,0,0,0,1,0,0,1,0,0,0,0,1,1,0,373552094.0
Paddington,116149,2014,55000000.0,2380.0,7.1,96.0,22.43,10809371,21148,2134,377,0,0,0,0,0,0,0,1,0,0,1,0,0,0,0,0,0,0,259207227.0
Maze Runner: The Scorch Trials,294254,2015,61000000.0,7530.0,6.7,132.0,49.31,28561737,153998,3076,13259,0,0,1,0,0,0,0,0,0,0,0,0,0,0,0,0,0,1,312296056.0
The Hobbit: The Battle of the Five Armies,122917,2014,250000000.0,10271.0,7.3,144.0,94.84,57723557,277574,6957,30299,0,0,0,0,0,0,0,0,0,0,0,1,0,0,0,1,0,0,956019788.0
Unbroken,227306,2014,65000000.0,2914.0,7.5,137.0,24.234,13027837,56299,1748,4910,0,0,0,0,0,0,0,0,1,0,0,0,0,1,0,0,0,0,163442937.0
Big Eyes,87093,2014,10000000.0,2658.0,7.0,105.0,15.861,5025719,21428,563,1489,0,0,0,0,0,0,0,0,0,0,0,0,0,1,0,0,0,0,28883511.0
Into the Woods,224141,2014,50000000.0,3447.0,5.8,125.0,21.712,20383620,61013,2557,1140,0,0,0,0,0,0,1,1,0,0,1,1,0,0,0,0,0,0,212902372.0
Kingsman: The Secret Service,207703,2015,81000000.0,12259.0,7.6,129.0,38.806,27932447,86229,2770,4478,0,0,1,0,0,0,0,1,0,1,0,0,0,0,0,1,0,0,414351546.0
Night at the Museum: Secret of the Tomb,181533,2014,127000000.0,4374.0,6.2,97.0,37.171,7267638,25452,818,1831,0,0,0,0,0,0,0,1,0,0,1,1,0,0,0,1,0,0,363204635.0
Chappie,198184,2015,49000000.0,5933.0,6.8,120.0,59.106,24452111,83074,3669,9916,0,0,1,0,0,0,0,0,0,0,0,0,0,0,0,0,0,1,104399548.0
Taken 3,260346,2015,48000000.0,4141.0,6.2,109.0,67.51,25591749,93784,2769,9214,0,0,1,0,0,0,0,0,0,1,0,0,0,0,0,0,0,1,325771424.0
Terminator Genisys,87101,2015,155000000.0,6311.0,5.9,126.0,62.856,33274140,91652,7455,13176,0,0,1,0,1,0,0,0,0,0,0,0,0,0,0,1,0,1,440603537.0
It Follows,270303,2014,2000000.0,4379.0,6.5,101.0,39.397,12020750,35560,2488,4595,0,0,0,0,0,0,0,0,0,0,0,0,1,0,0,0,0,0,14674076.0
Mad Max: Fury Road,76341,2015,150000000.0,17044.0,7.5,121.0,51.823,63121901,228284,10764,25234,0,0,1,0,1,0,0,0,0,0,0,0,0,0,0,1,0,1,378858340.0
Insidious: Chapter 3,280092,2015,10000000.0,2339.0,6.3,97.0,33.34,23369442,69683,3272,6028,0,0,0,0,0,0,0,0,0,0,0,1,1,0,0,0,0,1,104303851.0
Star Wars: The Force Awakens,140607,2015,245000000.0,14999.0,7.4,136.0,48.905,218529366,1414627,42818,194314,0,0,1,1,1,0,0,0,0,0,0,1,0,0,0,1,0,0,2068223624.0
Warcraft,68735,2016,160000000.0,4945.0,6.3,123.0,29.035,35019374,175370,14498,32970,0,0,1,0,0,0,0,0,0,0,0,1,0,0,0,1,0,0,433677183.0
Avengers: Age of Ultron,99861,2015,250000000.0,16607.0,7.3,141.0,72.949,191727258,1115909,30641,132338,0,0,1,0,1,0,0,0,0,0,0,0,0,0,0,1,0,0,1405403694.0
Pirates of the Caribbean: Dead Men Tell No Tales,166426,2017,230000000.0,8637.0,6.6,129.0,46.32100000000001,46637834,371000,10598,28502,0,0,0,0,0,0,0,0,0,0,0,0,0,0,0,0,0,0,794861794.0
Justice League,141052,2017,300000000.0,9668.0,6.2,120.0,88.74799999999998,73416616,796522,52283,120481,0,0,1,0,1,0,0,0,0,0,0,0,0,0,0,1,0,0,657924295.0
Ant-Man,102899,2015,130000000.0,14594.0,7.1,117.0,43.819,39438861,163187,8153,18175,0,0,1,0,1,0,0,0,0,0,0,0,0,0,0,1,0,0,519311965.0
Fantastic Four,166424,2015,120000000.0,4477.0,4.4,100.0,30.44400000000001,38559932,138190,40186,28923,0,0,1,0,1,0,0,0,0,0,0,1,0,0,0,1,0,0,167977596.0
Deadpool,293660,2016,58000000.0,23661.0,7.6,108.0,68.77199999999999,100335952,996473,22200,61449,0,0,1,0,1,0,0,1,0,0,0,0,0,0,0,1,0,0,783100000.0
Black Panther,284054,2017,200000000.0,16104.0,7.4,134.0,95.291,95649132,1103377,45482,115097,0,0,1,0,1,0,0,0,0,0,0,0,0,0,0,1,0,0,1346739107.0
Captain Marvel,299537,2018,152000000.0,10164.0,7.0,124.0,113.666,127657862,2273367,202421,284955,0,0,1,0,1,0,0,0,0,0,0,0,0,0,0,1,0,0,1128276090.0
Avengers: Infinity War,299536,2018,300000000.0,19853.0,8.3,149.0,196.355,341239495,5569642,134133,649988,0,0,1,0,1,0,0,0,0,0,0,0,0,0,0,1,0,0,2046239637.0
Avengers: Endgame,299534,2019,356000000.0,15239.0,8.3,181.0,168.02,326729085,8849789,140971,694013,0,0,1,0,1,0,0,0,0,0,0,0,0,0,0,1,0,0,2797800564.0
Thor: Ragnarok,284053,2017,180000000.0,14699.0,7.6,131.0,94.509,141835116,1501764,55684,124255,0,0,1,0,1,0,0,0,0,0,0,0,0,0,0,1,0,0,853977126.0
Guardians of the Galaxy Vol. 2,283995,2017,200000000.0,15490.0,7.6,137.0,58.897,48512844,492352,9733,29516,0,0,1,0,1,0,0,0,0,0,0,0,0,0,0,1,0,0,863756051.0
Captain America: Civil War,271110,2016,250000000.0,16894.0,7.4,147.0,66.932,126298137,931918,22567,160125,0,0,1,0,1,0,0,0,0,0,0,0,0,0,0,0,0,1,1153296293.0
Doctor Strange,284052,2016,165000000.0,15813.0,7.4,115.0,63.881,69047842,499771,16771,52666,0,0,1,0,1,0,0,0,0,0,0,0,0,0,0,1,0,0,677700000.0
X-Men: Apocalypse,246655,2016,178000000.0,9854.0,6.5,144.0,62.25,114911964,599453,35526,83453,0,0,1,0,1,0,0,0,0,0,0,1,0,0,0,1,0,0,543934787.0
Fifty Shades of Grey,216015,2015,4000000.0,8692.0,5.8,125.0,74.252,98745408,275890,37628,34634,0,0,0,0,0,1,0,0,0,0,0,0,0,1,0,0,0,0,571006128.0
The DUFF,272693,2015,8500000.0,3539.0,6.8,100.0,22.103,28187201,107664,3970,6094,0,0,0,0,0,0,0,1,0,0,0,0,0,0,0,0,0,0,43528634.0
Brooklyn,167073,2015,11000000.0,2376.0,7.3,111.0,16.743,6223735,21129,553,1462,0,0,0,0,0,1,0,0,0,0,0,0,0,1,0,0,0,0,62076141.0
The Hateful Eight,273248,2015,44000000.0,10276.0,7.7,188.0,20.612,8091876,32905,1174,2631,0,0,0,0,0,0,0,0,0,0,0,0,0,0,1,0,0,0,155760117.0
Paper Towns,286565,2015,12000000.0,4225.0,6.1,109.0,23.9,31796478,284633,4448,13044,0,1,0,0,0,1,0,0,0,0,0,0,0,1,0,0,0,0,85512300.0
Crimson Peak,201085,2015,55000000.0,3587.0,6.6,119.0,19.779,9520517,39847,1413,3118,0,0,0,0,0,0,0,0,0,0,0,0,1,0,0,0,0,0,74679822.0
Focus,256591,2015,50100000.0,5586.0,6.9,105.0,35.488,30017212,69775,4071,5335,0,0,0,0,0,1,0,1,0,1,0,0,0,1,0,0,0,0,153962963.0
Cinderella,150689,2015,95000000.0,5496.0,6.8,105.0,38.945,54500581,200568,14227,17920,0,0,0,0,0,1,0,0,0,0,1,1,0,1,0,0,0,0,543514353.0
Pan,266647,2015,150000000.0,2106.0,6.0,111.0,18.91,21464209,71255,5336,8322,0,0,0,0,0,0,0,0,0,0,1,1,0,0,0,1,0,0,128388320.0
Insurgent,262500,2015,110000000.0,7948.0,6.4,119.0,71.17699999999998,16811519,78854,3568,6690,0,0,1,0,1,0,0,0,0,0,0,0,0,0,0,0,0,1,295238201.0
Home,228161,2015,135000000.0,2896.0,6.8,94.0,48.024,29959684,65187,5690,62,0,0,0,0,1,0,0,1,0,0,1,1,0,0,0,1,1,0,368871007.0
Furious 7,168259,2015,190000000.0,7828.0,7.3,137.0,55.56800000000001,128940893,605564,20044,33356,0,0,1,0,0,0,0,0,0,1,0,0,0,0,0,0,0,1,1515047671.0
Unfriended,277685,2014,1000000.0,2433.0,5.5,82.0,21.757,35822401,200093,17047,33316,0,1,0,0,0,0,0,0,0,0,0,0,1,0,0,0,0,1,62882090.0
Tomorrowland,158852,2015,190000000.0,5462.0,6.2,130.0,38.224,36714912,104716,5441,6268,0,1,1,0,1,0,0,0,0,0,1,0,0,0,0,1,0,0,209154322.0
The Longest Ride,228205,2015,34000000.0,2281.0,7.5,128.0,22.575,22416519,66917,1772,2458,0,0,0,0,0,1,0,0,0,0,0,0,0,1,0,0,0,0,63013281.0
The Age of Adaline,293863,2015,25000000.0,4588.0,7.4,112.0,19.169,11889158,55178,1048,3841,0,0,0,0,0,1,0,0,0,0,0,1,0,1,0,0,0,0,65663276.0
San Andreas,254128,2015,110000000.0,6165.0,6.2,114.0,62.959,47023732,135558,7912,16380,0,0,1,0,0,0,0,0,0,0,0,0,0,1,0,0,0,1,473990832.0
Hitman: Agent 47,249070,2015,35000000.0,2133.0,5.8,96.0,31.66,35002207,126827,9628,12839,0,0,1,0,0,0,0,0,0,1,0,0,0,0,0,0,0,1,81967450.0
Pitch Perfect 2,254470,2015,29000000.0,4290.0,6.9,115.0,44.597,29318162,112565,4522,5527,0,0,0,0,0,0,0,1,0,0,0,0,0,0,0,0,0,0,287506194.0
Carol,258480,2015,0.0,2571.0,7.5,118.0,18.532,6463056,24553,1027,2026,0,0,0,0,0,1,0,0,0,0,0,0,0,1,0,0,0,0,40272135.0
The Martian,286217,2015,108000000.0,14699.0,7.7,141.0,34.514,43596539,174206,5258,17209,0,0,0,0,1,0,0,0,0,0,0,0,0,1,0,1,0,0,630161890.0
Spy,238713,2015,65000000.0,4632.0,6.8,120.0,23.978,19424138,56754,2417,2530,0,0,1,0,0,0,0,1,0,1,0,0,0,0,0,0,0,0,235666219.0
Inside Out,150540,2015,175000000.0,15508.0,7.9,95.0,57.36,51009916,146935,8320,2828,0,0,0,0,0,0,0,1,0,0,1,1,0,1,0,1,1,0,857611174.0
The Hunger Games: Mockingjay - Part 2,131634,2015,160000000.0,9127.0,6.9,137.0,36.028,50194008,353979,10378,29889,0,0,0,0,1,0,0,0,0,0,0,0,0,0,0,1,0,0,653428261.0
Pixels,257344,2015,88000000.0,5564.0,5.7,105.0,48.372,50850031,173595,20583,20477,0,0,1,0,1,0,0,1,0,0,0,0,0,0,0,0,0,0,243637091.0
Allegiant,262504,2016,110000000.0,5033.0,6.1,121.0,53.407,15477315,74038,4001,8341,0,0,0,0,1,0,0,0,0,0,0,0,0,0,0,1,0,0,179246868.0
Fantastic Beasts and Where to Find Them,259316,2016,180000000.0,14527.0,7.4,133.0,54.96100000000001,43241773,317872,6915,24424,0,0,0,0,0,0,0,0,0,0,0,1,0,0,0,0,0,0,809342332.0
Fantastic Beasts: The Crimes of Grindelwald,338952,2018,200000000.0,7297.0,6.9,134.0,56.219,51307662,628314,14399,49241,0,0,0,0,0,0,0,0,0,0,0,0,0,0,0,0,0,0,653355901.0
The Secret Life of Pets,328111,2016,75000000.0,6428.0,6.2,87.0,15.744000000000002,18773030,54952,3437,808,0,0,0,0,0,0,0,1,0,0,0,0,0,0,0,0,1,0,875457937.0
Self/less,238615,2015,26000000.0,2184.0,6.4,116.0,32.947,20094168,31949,840,2303,0,1,1,0,1,0,0,0,0,0,0,0,0,0,0,0,0,1,31807156.0
The Last Witch Hunter,274854,2015,90000000.0,2690.0,5.9,106.0,36.662,24083240,55938,3053,4348,0,0,1,0,0,0,0,0,0,0,0,1,0,0,0,1,0,0,146936910.0
Suicide Squad,297761,2016,175000000.0,16358.0,5.9,123.0,40.267,110128192,840658,26337,90614,0,0,1,0,1,0,0,0,0,1,0,0,0,0,0,0,0,0,746846894.0
Independence Day: Resurgence,47933,2016,165000000.0,4579.0,5.2,120.0,29.851,42965639,158138,10158,24406,0,0,1,0,1,0,0,0,0,0,0,0,0,0,0,1,0,0,389681935.0
Star Trek Beyond,188927,2016,185000000.0,4989.0,6.7,122.0,24.635,28238482,111792,29945,24701,0,0,1,0,1,0,0,0,0,0,0,0,0,0,0,1,0,0,343471816.0
Ted 2,214756,2015,68000000.0,5171.0,6.2,115.0,70.797,39682413,175499,9501,8544,0,0,0,0,0,0,0,1,0,0,0,0,0,0,0,0,0,0,215863606.0
Minions,211672,2015,74000000.0,8307.0,6.4,91.0,25.338,283555749,577612,147906,22,0,0,0,0,0,0,0,1,0,0,1,0,0,0,0,1,1,0,1156730962.0
The Good Dinosaur,105864,2015,175000000.0,3944.0,6.8,93.0,48.212,38920441,87011,8925,3773,0,0,0,0,0,0,0,1,0,0,1,1,0,0,0,1,1,0,332207671.0
Black Mass,261023,2015,53000000.0,2466.0,6.4,122.0,23.094,20019492,66708,2290,6467,0,0,0,0,0,0,0,0,0,1,0,0,0,1,0,0,0,0,98837872.0
Spectre,206647,2015,245000000.0,7875.0,6.5,148.0,47.757,38919673,93523,3812,8055,0,0,1,0,0,0,0,0,0,1,0,0,0,0,0,1,0,0,880674609.0
Steve Jobs,321697,2015,30000000.0,3118.0,6.8,122.0,18.015,22694593,86391,7271,9236,0,0,0,0,0,0,0,0,0,0,0,0,0,1,0,0,0,0,34441873.0
Vacation,296099,2015,31000000.0,2624.0,6.3,99.0,24.934,19892578,55487,5417,4864,0,0,0,0,0,0,0,1,0,0,0,0,0,0,0,1,0,0,104384188.0
Batman v Superman: Dawn of Justice,209112,2016,250000000.0,13896.0,5.9,152.0,61.25899999999999,188947880,1136982,59376,212738,0,0,1,0,1,0,0,0,0,0,0,1,0,0,0,1,0,0,873634919.0
The Jungle Book,278927,2016,175000000.0,6294.0,6.8,106.0,34.335,54718243,169566,9477,17556,0,0,0,0,0,0,0,0,0,0,0,1,0,1,0,1,0,0,966550600.0
The Man from U.N.C.L.E.,203801,2015,75000000.0,4317.0,7.1,116.0,31.82,14473488,43436,1299,3201,0,0,1,0,0,0,0,1,0,0,0,0,0,0,0,1,0,0,108145109.0
The Walk,285783,2015,35000000.0,2328.0,6.9,123.0,17.697,8793703,16688,2028,2705,0,0,0,0,0,0,0,0,0,0,0,0,0,1,0,1,0,1,61181942.0
13 Hours: The Secret Soldiers of Benghazi,300671,2016,50000000.0,2139.0,7.2,144.0,37.003,16038020,37861,3424,7851,0,0,0,0,0,0,0,0,0,0,0,0,0,1,0,0,0,0,69411370.0
The Revenant,281957,2015,135000000.0,13627.0,7.5,157.0,30.3,55124819,159218,5629,15090,0,0,0,0,0,0,0,0,0,0,0,0,0,1,0,1,0,0,532950503.0
Southpaw,307081,2015,30000000.0,4138.0,7.4,123.0,48.054,25502916,95082,3024,5802,0,0,1,0,0,0,0,0,0,0,0,0,0,1,0,0,0,0,91709827.0
Sicario,273481,2015,30000000.0,5593.0,7.3,122.0,30.949,6571227,18929,702,1551,0,1,0,0,0,0,0,0,0,1,0,0,0,1,0,0,0,0,84025816.0
The Intern,257211,2015,35000000.0,4560.0,7.2,121.0,26.447,12139101,52203,1691,1999,0,0,0,0,0,0,0,1,0,0,0,0,0,0,0,0,0,0,194564672.0
Room,264644,2015,13000000.0,6817.0,8.1,117.0,23.727,15817063,61436,2063,5156,0,0,0,0,0,0,0,0,0,0,0,0,0,1,0,0,0,0,35401758.0
The Gift,328425,2015,5000000.0,2207.0,6.7,108.0,17.84,9021152,17797,919,2383,0,0,0,0,0,0,0,0,0,0,0,0,1,1,0,0,0,0,58978653.0
The Witch,310131,2015,3500000.0,4109.0,6.8,92.0,32.686,25393471,70133,5150,8407,0,0,0,0,0,0,0,0,0,0,0,0,1,0,0,0,0,0,40423945.0
The Visit,298312,2015,5000000.0,3213.0,6.2,94.0,22.163,14746597,48766,4463,8656,0,0,0,0,0,0,0,1,0,0,0,0,1,0,0,0,0,0,98450062.0
Straight Outta Compton,277216,2015,28000000.0,2614.0,7.8,147.0,29.572,17339248,137092,3049,11577,0,0,0,0,0,0,0,0,0,0,0,0,0,1,0,0,0,0,201634991.0
Joy,274479,2015,60000000.0,3176.0,6.5,124.0,19.834,20223133,47113,4364,4205,0,0,0,0,0,0,0,1,0,0,0,0,0,1,0,0,0,0,101134059.0
Legend,276907,2015,25000000.0,2232.0,6.9,131.0,18.517,14507261,50142,1296,3155,0,0,0,0,0,0,0,0,0,1,0,0,0,0,0,0,0,1,42972994.0
The Danish Girl,306819,2015,15000000.0,4558.0,7.6,120.0,21.413,15516072,98344,8794,9446,0,0,0,0,0,0,0,0,0,0,0,0,0,1,0,0,0,0,64191523.0
Everest,253412,2015,55000000.0,3498.0,6.8,121.0,26.19,15708711,73620,2105,3686,0,0,0,0,0,0,0,0,0,0,0,0,0,1,0,1,0,1,203427584.0
Spotlight,314365,2015,20000000.0,6083.0,7.8,129.0,21.888,5515435,16794,577,2489,0,0,0,0,0,0,0,0,0,0,0,0,0,0,0,0,0,1,98690254.0
Burnt,295964,2015,20000000.0,2294.0,6.5,100.0,20.562,4438187,14247,790,1063,0,0,0,0,0,0,0,0,0,0,0,0,0,1,0,0,0,0,36606743.0
Hotel Transylvania 2,159824,2015,80000000.0,4009.0,6.8,89.0,49.536,63707145,156665,9429,4990,0,0,0,0,0,0,0,1,0,0,0,0,0,0,0,0,1,0,473226958.0
Shazam!,287947,2019,80000000.0,5610.0,7.0,132.0,101.924,97979763,1111915,63367,138144,0,0,1,0,1,0,0,0,0,0,0,1,0,0,0,1,0,0,363533271.0
Aquaman,297802,2018,160000000.0,9377.0,6.9,144.0,79.42699999999998,84389666,931839,48526,123086,0,0,1,0,1,0,0,0,0,0,0,1,0,0,0,0,0,0,1148461807.0
Wonder Woman,297762,2017,149000000.0,15283.0,7.3,141.0,77.199,90420809,738199,29061,89112,0,0,1,0,0,0,0,0,0,0,0,1,0,0,0,1,0,0,821847012.0
The Circle,339988,2016,18000000.0,3365.0,5.5,110.0,24.91800000000001,20992537,103491,4327,7137,0,0,0,0,1,0,0,0,0,0,0,0,0,1,0,0,0,1,20497844.0
Bridge of Spies,296098,2015,40000000.0,5165.0,7.2,141.0,23.216,11079951,20585,875,1948,0,0,0,0,0,0,0,0,0,0,0,0,0,1,0,0,0,1,165478348.0
Pitch Perfect 3,353616,2017,45000000.0,2499.0,6.6,93.0,22.584,23957010,243243,9285,11554,0,0,0,0,0,0,0,0,0,0,0,0,0,0,0,0,0,0,184724494.0
"Hail, Caesar!",270487,2016,22000000.0,2876.0,5.9,106.0,18.824,12682104,29974,2436,2756,0,0,0,0,0,0,0,1,0,0,0,0,0,0,0,0,0,0,63647656.0
Goosebumps,257445,2015,58000000.0,2743.0,6.3,103.0,28.001,21760330,86115,5189,8617,0,0,0,0,0,0,0,1,0,0,0,0,1,0,0,1,0,0,158162788.0
Creed,312221,2015,37000000.0,5021.0,7.4,133.0,39.437,35533366,165243,4984,13311,0,0,0,0,0,0,0,0,0,0,0,0,0,1,0,0,0,0,173567581.0
The 5th Wave,299687,2016,38000000.0,4440.0,5.9,112.0,34.593,29117824,129177,5355,12424,0,0,0,0,1,0,0,0,0,0,0,0,0,0,0,1,0,1,109906372.0
The Big Short,318846,2015,28000000.0,6098.0,7.3,131.0,26.79,12813373,34321,1444,3506,0,0,0,0,0,0,0,0,0,0,0,0,0,1,0,0,0,0,133346506.0
How to Be Single,259694,2016,38000000.0,2497.0,6.2,110.0,16.727,3574080,8180,564,402,0,0,0,0,0,1,0,1,0,0,0,0,0,0,0,0,0,0,112343513.0
Daddy's Home,274167,2015,50000000.0,2165.0,6.2,96.0,21.545,18695969,57686,2345,2209,0,0,0,0,0,0,0,1,0,0,0,0,0,0,0,0,0,0,242786137.0
Kung Fu Panda 3,140300,2016,145000000.0,3777.0,6.8,95.0,61.105,75592323,234863,14360,176,0,0,1,0,0,0,0,0,0,0,0,0,0,0,0,1,1,0,521170825.0
The Boy,321258,2016,10000000.0,2792.0,5.9,97.0,21.261,34243590,131752,7015,13611,0,0,0,0,0,0,0,0,0,0,0,0,1,0,0,0,0,1,64188367.0
Dirty Grandpa,291870,2016,11500000.0,3247.0,5.9,102.0,35.649,19940162,63487,3637,2679,0,0,0,0,0,0,0,1,0,0,0,0,0,0,0,0,0,0,94073028.0
Me Before You,296096,2016,20000000.0,7961.0,7.8,110.0,51.955,47462871,352197,5730,18658,0,0,0,0,0,1,0,0,0,0,0,0,0,1,0,0,0,0,207945075.0
Gods of Egypt,205584,2016,140000000.0,2938.0,5.6,127.0,31.863000000000003,28652494,82703,17862,23739,0,0,0,0,0,0,0,0,0,0,0,1,0,0,0,1,0,0,150680864.0
10 Cloverfield Lane,333371,2016,15000000.0,5571.0,6.9,104.0,24.22300000000001,12138665,40944,1505,7242,0,0,0,0,0,0,0,0,0,0,0,0,0,0,0,0,0,1,108286421.0
London Has Fallen,267860,2016,60000000.0,3292.0,6.1,99.0,35.7,19115483,58189,5219,8618,0,0,1,0,0,0,0,0,0,1,0,0,0,0,0,0,0,1,205754447.0
Zootopia,269149,2016,150000000.0,12212.0,7.7,109.0,53.534,61882261,280615,12558,22857,0,0,1,0,0,0,0,1,0,0,1,0,0,0,0,1,1,0,1023784195.0
The Neon Demon,301365,2016,7000000.0,2714.0,6.5,118.0,26.743,11973898,49415,4709,5289,0,1,0,0,0,0,0,0,0,0,0,0,1,1,0,0,0,0,3377430.0
The Huntsman: Winter's War,290595,2016,115000000.0,3635.0,6.3,114.0,33.228,18839017,63196,2397,6507,0,0,1,0,0,0,0,0,0,0,0,1,0,1,0,1,0,0,164989338.0
Neighbors 2: Sorority Rising,325133,2016,35000000.0,3386.0,5.8,91.0,21.842,12983790,69631,2440,2755,0,0,0,0,0,0,0,1,0,0,0,0,0,0,0,0,0,0,108758521.0
Money Monster,303858,2016,27000000.0,2267.0,6.5,98.0,16.512999999999998,3417928,13605,681,1218,0,0,0,0,0,0,0,0,0,0,0,0,0,1,0,0,0,1,93282604.0
Finding Dory,127380,2016,200000000.0,9335.0,7.0,97.0,29.908,42359193,267687,7254,16629,0,0,0,0,0,0,0,1,0,0,0,0,0,0,0,1,1,0,1028570889.0
The Angry Birds Movie,153518,2016,73000000.0,2508.0,6.2,97.0,29.23,64557103,185917,24952,6701,0,0,0,0,0,0,0,1,0,0,0,0,0,0,0,0,1,0,349779543.0
Snowden,302401,2016,40000000.0,3126.0,7.1,134.0,15.682,21003539,124490,5797,12767,0,0,0,0,0,0,0,0,0,0,0,0,0,1,0,0,0,1,37357216.0
The Nice Guys,290250,2016,50000000.0,5402.0,7.1,116.0,19.174,11331945,39643,1015,2049,0,1,0,0,0,0,0,0,0,1,0,0,0,0,0,0,0,1,62788218.0
The Shallows,332567,2016,17000000.0,3810.0,6.3,86.0,21.461,35853119,113905,11246,14427,0,0,0,0,0,0,0,0,0,0,0,0,0,1,0,0,0,1,119100758.0
Alice Through the Looking Glass,241259,2016,170000000.0,4787.0,6.5,113.0,37.194,27987174,175165,6450,4714,0,0,0,0,0,0,0,0,0,0,1,1,0,0,0,1,0,0,299457024.0
The BFG,267935,2016,140000000.0,2407.0,6.2,120.0,28.012,29612809,118678,6863,20160,0,0,0,0,0,0,0,0,0,0,1,1,0,0,0,0,0,0,195243411.0
Sausage Party,223702,2016,19000000.0,5303.0,5.7,89.0,33.929,31998153,171998,14397,22822,0,0,0,0,0,0,0,1,0,0,0,0,0,0,0,0,1,0,140705322.0
Captain Fantastic,334533,2016,5000000.0,4539.0,8.0,119.0,19.82,9704688,33792,1442,2491,0,0,0,0,0,0,0,0,0,0,0,0,0,1,0,0,0,0,5879736.0
Now You See Me 2,291805,2016,90000000.0,8223.0,6.8,129.0,39.795,15637852,70858,1973,3550,0,0,1,0,0,0,0,1,0,0,0,0,0,0,0,0,0,1,334901337.0
Swiss Army Man,347031,2016,3000000.0,2337.0,7.0,97.0,11.630999999999998,23396685,104386,8247,15010,0,0,0,0,0,1,0,1,0,0,0,0,0,1,0,0,0,0,4210454.0
Teenage Mutant Ninja Turtles: Out of the Shadows,308531,2016,135000000.0,2403.0,6.0,112.0,42.293,11230974,56644,4682,890,0,0,1,0,0,0,0,1,0,0,0,0,0,0,0,1,0,0,245623848.0
The Conjuring 2,259693,2016,40000000.0,5365.0,7.2,134.0,57.208,55636711,191406,9828,17633,0,0,0,0,0,0,0,0,0,0,0,0,1,0,0,0,0,0,320392818.0
Ghostbusters,43074,2016,144000000.0,4624.0,5.4,116.0,34.673,49925882,340360,1262214,272413,0,0,1,0,1,0,0,1,0,0,0,0,1,0,0,0,0,0,229147509.0
Central Intelligence,302699,2016,50000000.0,4072.0,6.4,107.0,33.223,42530867,268860,9454,7515,0,0,1,0,0,0,0,1,0,0,0,0,0,0,0,0,0,0,216972543.0
Jason Bourne,324668,2016,120000000.0,4227.0,6.2,123.0,28.375,19510399,68958,2129,6367,0,0,1,0,0,0,0,0,0,0,0,0,0,0,0,0,0,0,415484914.0
The Legend of Tarzan,258489,2016,180000000.0,4842.0,5.8,109.0,31.77,58207084,220357,13547,19503,0,0,1,0,0,0,0,0,0,0,0,0,0,0,0,1,0,0,356743061.0
The Purge: Election Year,316727,2016,10000000.0,3656.0,6.4,105.0,69.684,21105325,82379,5797,20817,0,0,1,0,1,0,0,0,0,0,0,0,1,0,0,0,0,0,118587880.0
Ice Age: Collision Course,278154,2016,105000000.0,3143.0,6.0,95.0,52.896,24311569,79127,6747,2559,0,0,0,0,0,0,0,1,0,0,1,0,0,0,0,1,1,0,408579038.0
Lights Out,345911,2016,4900000.0,2793.0,6.3,81.0,19.327,36380523,108970,5888,12691,0,0,0,0,0,0,0,0,0,0,0,0,1,0,0,0,0,0,148868835.0
Nerve,328387,2016,19000000.0,5495.0,7.1,96.0,22.314,16865838,105739,3058,7047,0,0,0,0,0,0,0,0,0,0,0,0,0,1,0,0,0,1,85241496.0
Sully,363676,2016,60000000.0,4992.0,7.1,96.0,18.758,20464047,73755,2606,9160,0,0,0,0,0,0,0,0,0,0,0,0,0,1,0,0,0,0,240797623.0
War Dogs,308266,2016,40000000.0,3046.0,6.8,114.0,22.208,17763108,62428,2359,4180,0,0,0,0,0,0,0,1,0,0,0,0,0,0,0,0,0,0,86234523.0
Bad Moms,376659,2016,20000000.0,3203.0,6.5,100.0,21.743,34198660,83524,12918,7112,0,0,0,0,0,0,0,1,0,0,0,0,0,0,0,0,0,0,183936074.0
Hell or High Water,338766,2016,12000000.0,3093.0,7.3,102.0,21.572,7125698,14811,544,1364,0,0,0,0,0,0,0,0,0,1,0,0,0,1,0,0,0,0,37589296.0
Don't Breathe,300669,2016,9900000.0,4713.0,6.9,89.0,28.387,29327620,109847,3861,12078,0,0,0,0,0,0,0,0,0,0,0,0,0,0,0,0,0,1,159047649.0
The Edge of Seventeen,376660,2016,9000000.0,2916.0,7.1,105.0,19.352,4387840,34973,982,1101,0,0,0,0,0,0,0,1,0,0,0,0,0,0,0,0,0,0,18803648.0
Mechanic: Resurrection,278924,2016,40000000.0,2342.0,5.8,99.0,39.5,13567574,43648,1606,1942,0,0,1,0,0,0,0,0,0,1,0,0,0,0,0,0,0,1,125729635.0
The Magnificent Seven,333484,2016,90000000.0,4307.0,6.3,132.0,28.583,22273884,67805,4578,10608,0,0,1,0,0,0,0,0,0,0,0,0,0,0,1,0,0,0,162360636.0
Kubo and the Two Strings,313297,2016,60000000.0,2586.0,7.7,102.0,31.59,7042432,34783,1218,6,0,0,0,0,0,0,0,0,0,0,1,1,0,0,0,1,1,0,69929545.0
Bridget Jones's Baby,95610,2016,35000000.0,2225.0,6.4,123.0,13.974,11270887,25900,2562,2746,0,0,0,0,0,1,0,1,0,0,0,0,0,0,0,0,0,0,211952420.0
Deepwater Horizon,296524,2016,110000000.0,3194.0,6.8,107.0,24.942,21338377,51854,3442,5371,0,0,0,0,0,0,0,0,0,0,0,0,0,1,0,0,0,0,121790373.0
Miss Peregrine's Home for Peculiar Children,283366,2016,110000000.0,7348.0,6.7,127.0,53.4,26109574,164786,4980,18844,0,0,0,0,0,0,0,0,0,0,0,1,0,0,0,0,0,0,296482446.0
The Girl on the Train,346685,2016,45000000.0,4335.0,6.4,112.0,16.195,15702607,48308,2666,5018,0,0,0,0,0,0,0,0,0,0,0,0,0,0,0,0,0,1,173185859.0
The Accountant,302946,2016,44000000.0,4127.0,7.0,128.0,31.158,19273210,82713,2393,7488,0,0,0,0,0,0,0,0,0,1,0,0,0,1,0,0,0,1,155160045.0
Hacksaw Ridge,324786,2016,40000000.0,8684.0,8.1,139.0,98.773,24488731,136301,3896,13405,0,0,0,0,0,0,0,0,1,0,0,0,0,1,0,0,0,0,175302354.0
A Monster Calls,258230,2016,43000000.0,2369.0,7.2,108.0,17.317999999999998,13408838,73584,3147,7629,0,0,0,0,0,0,0,0,0,0,0,1,0,1,0,0,0,0,47309313.0
Arrival,329865,2016,47000000.0,12833.0,7.5,116.0,39.536,29243656,127197,6209,16297,0,0,0,0,1,0,0,0,0,0,0,0,0,0,0,0,0,0,203388186.0
La La Land,313369,2016,30000000.0,12417.0,7.9,129.0,24.939,51241932,217327,9096,12482,0,0,0,0,0,1,0,1,0,0,0,0,0,1,0,0,0,0,446486224.0
Allied,369885,2016,85000000.0,3357.0,6.7,124.0,28.108,8902070,31969,1297,2859,0,0,1,0,0,1,0,0,1,0,0,0,0,1,0,0,0,1,119520023.0
Inferno,207932,2016,75000000.0,4717.0,6.0,121.0,22.01,20406304,52318,2379,4839,0,1,0,0,0,0,0,0,0,0,0,0,0,0,0,0,0,1,220021259.0
Trolls,136799,2016,125000000.0,2611.0,6.7,92.0,53.86,46469584,66006,25903,3658,0,0,0,0,0,0,0,0,0,0,1,0,0,0,0,1,1,0,346864462.0
Jack Reacher: Never Go Back,343611,2016,60000000.0,3323.0,5.7,118.0,34.551,14473601,52537,1567,3893,0,1,1,0,0,0,0,0,0,1,0,0,0,1,0,0,0,1,162146076.0
Manchester by the Sea,334541,2016,9000000.0,4118.0,7.5,138.0,21.039,9949076,28389,1438,2257,0,0,0,0,0,0,0,0,0,0,0,0,0,1,0,0,0,0,78988148.0
Lion,334543,2016,12000000.0,5000.0,8.1,118.0,25.181,17732984,108635,2881,5784,0,0,0,0,0,0,0,0,0,0,0,0,0,1,0,0,0,0,140312928.0
Collateral Beauty,345920,2016,36000000.0,4272.0,7.3,97.0,21.742,15954463,95367,3292,6318,0,0,0,0,0,0,0,0,0,0,0,0,0,1,0,0,0,0,88528280.0
Moana,277834,2016,150000000.0,8733.0,7.6,107.0,20.28,95752139,349809,83411,10029,0,0,0,0,0,0,0,1,0,0,1,1,0,0,0,1,1,0,690860472.0
Rogue One: A Star Wars Story,330459,2016,200000000.0,11369.0,7.5,133.0,30.257,114660533,971841,41693,170618,0,0,1,0,1,0,0,0,0,0,0,1,0,0,0,1,0,0,1056057273.0
Split,381288,2017,9000000.0,12926.0,7.3,117.0,56.774,30630718,136697,7951,16853,0,0,0,0,0,0,0,0,0,0,0,0,1,1,0,0,0,1,278454358.0
Underworld: Blood Wars,346672,2016,35000000.0,2722.0,5.7,91.0,39.365,19595402,64075,4027,6849,0,0,1,0,0,0,0,0,0,0,0,0,1,0,0,0,0,0,81093313.0
Passengers,274870,2016,110000000.0,9746.0,6.9,116.0,17.552,38269726,194807,7837,20985,0,0,0,0,1,1,0,0,0,0,0,0,0,1,0,1,0,0,303144152.0
Hidden Figures,381284,2016,25000000.0,6216.0,8.0,127.0,34.828,16167441,71209,4421,6958,0,0,0,0,0,0,0,0,0,0,0,0,0,1,0,0,0,0,230698791.0
The Great Wall,311324,2016,150000000.0,3538.0,5.9,103.0,37.151,17320336,46479,11316,13405,0,0,1,0,0,0,0,0,0,0,0,0,0,0,0,1,0,1,331957105.0
The Founder,310307,2016,25000000.0,3108.0,7.1,115.0,18.57,6800194,27695,1128,3284,0,0,0,0,0,0,0,0,0,0,0,0,0,1,0,0,0,0,24121245.0
Why Him?,356305,2016,38000000.0,3080.0,6.3,111.0,23.172,24453533,75342,3319,3972,0,0,0,0,0,0,0,1,0,0,0,0,0,0,0,0,0,0,118034273.0
Sing,335797,2016,75000000.0,5564.0,7.0,108.0,78.73,51790986,152292,12162,2907,0,0,0,0,0,0,0,1,0,0,1,0,0,0,0,0,1,0,634151679.0
Assassin's Creed,121856,2016,125000000.0,5928.0,5.4,115.0,25.239,23313456,228173,21076,36858,0,0,1,0,1,0,0,0,0,0,0,0,0,0,0,1,0,0,240697856.0
A Dog's Purpose,381289,2017,22000000.0,2220.0,7.5,100.0,33.08,22861202,170796,16199,2689,0,0,0,0,0,0,0,1,0,0,0,0,0,1,0,0,0,0,194647323.0
A Cure for Wellness,340837,2017,40000000.0,2717.0,6.3,146.0,26.43,25279062,63789,3696,4987,0,1,0,0,0,0,0,0,0,0,0,0,1,1,0,0,0,1,26559557.0
xXx: Return of Xander Cage,47971,2017,85000000.0,3131.0,5.7,107.0,45.128,43610928,159164,12616,17828,0,0,1,0,0,0,0,0,0,1,0,0,0,0,0,1,0,1,346147658.0
The Lego Batman Movie,324849,2017,80000000.0,3517.0,7.2,104.0,24.354,36347913,249276,7847,34,0,0,1,0,0,0,0,1,0,0,0,0,0,0,0,0,1,0,311950384.0
John Wick: Chapter 2,324552,2017,40000000.0,8312.0,7.2,122.0,68.80199999999999,39012090,196704,4137,15952,0,0,1,0,0,0,0,0,0,1,0,0,0,0,0,0,0,1,171539887.0
Get Out,419430,2017,4500000.0,11786.0,7.6,104.0,34.928000000000004,19201731,93425,8253,12005,0,0,0,0,0,0,0,0,0,0,0,0,1,0,0,0,0,0,255407969.0
Logan,263115,2017,97000000.0,14843.0,7.8,137.0,67.482,62393643,584465,10946,60214,0,0,1,0,1,0,0,0,0,0,0,0,0,0,0,0,0,0,619021436.0
Kong: Skull Island,293167,2017,185000000.0,7484.0,6.4,118.0,57.908,37068691,197310,8214,27365,0,0,1,0,0,0,0,0,0,0,0,1,0,0,0,1,0,0,566652812.0
T2 Trainspotting,180863,2017,18000000.0,2218.0,6.9,117.0,17.622,12301964,68555,2580,5805,0,0,0,0,0,0,0,0,0,1,0,0,0,1,0,0,0,0,42067430.0
Before I Fall,397837,2017,5000000.0,2755.0,7.0,98.0,16.419,20497034,129088,2432,6947,0,0,0,0,0,0,0,0,0,0,0,0,0,1,0,0,0,0,12141122.0
King Arthur: Legend of the Sword,274857,2017,175000000.0,4182.0,6.5,126.0,27.779,28413842,115592,7363,12191,0,0,1,0,0,0,0,0,0,0,0,1,0,1,0,1,0,0,148675066.0
Beauty and the Beast,321612,2017,160000000.0,12845.0,7.0,129.0,49.897,107596065,866264,31338,70537,0,0,0,0,0,1,0,0,0,0,0,1,0,0,0,0,0,0,1263521126.0
The Boss Baby,295693,2017,125000000.0,5383.0,6.4,97.0,34.498000000000005,53308306,137055,15322,1869,0,0,0,0,0,0,0,1,0,0,1,0,0,0,0,0,1,0,498814908.0
Call Me by Your Name,398818,2017,4000000.0,7964.0,8.3,132.0,56.417,19322696,185117,10084,1676,0,0,0,0,0,1,0,0,0,0,0,0,0,1,0,0,0,0,41063475.0
Ghost in the Shell,315837,2017,110000000.0,6109.0,6.0,107.0,47.007,38399642,195209,25694,29389,0,0,1,0,1,0,0,0,0,0,0,0,0,1,0,0,0,0,169801921.0
Fifty Shades Darker,341174,2017,55000000.0,5781.0,6.4,118.0,30.975,58035225,259772,31874,18713,0,0,0,0,0,1,0,0,0,0,0,0,0,1,0,0,0,0,378827494.0
Life,395992,2017,58000000.0,5276.0,6.4,103.0,30.318,20587625,47053,3148,6310,0,0,0,0,1,0,0,0,0,0,0,0,1,0,0,0,0,1,100541806.0
Power Rangers,305470,2017,100000000.0,3312.0,6.2,124.0,51.48,92619938,470968,42481,68906,0,0,1,0,1,0,0,0,0,0,0,0,0,0,0,1,0,0,142337240.0
Alien: Covenant,126889,2017,97000000.0,5981.0,6.0,122.0,57.633,49534955,295436,20520,37501,0,0,1,0,1,0,0,0,0,0,0,0,1,0,0,0,0,1,232380243.0
Gifted,400928,2017,7000000.0,3342.0,8.0,101.0,39.134,21244435,199645,2913,7238,0,0,0,0,0,0,0,0,0,0,0,0,0,1,0,0,0,0,40343446.0
"Everything, Everything",417678,2017,10000000.0,3129.0,7.2,96.0,25.338,16513089,177536,5651,9523,0,0,0,0,0,1,0,0,0,0,0,0,0,1,0,0,0,0,61621140.0
Baywatch,339846,2017,69000000.0,5973.0,6.1,116.0,66.818,39367557,143441,14042,9323,0,0,1,0,0,0,0,1,0,0,0,0,0,0,0,0,0,0,177856751.0
The Mummy,282035,2017,125000000.0,5402.0,5.5,110.0,30.24,73588482,365114,43685,35027,0,0,1,0,0,0,0,0,0,0,0,1,1,0,0,1,0,1,409231607.0
The Fate of the Furious,337339,2017,250000000.0,7660.0,6.9,136.0,71.381,32512196,265678,18695,28436,0,0,1,0,0,0,0,0,0,1,0,0,0,1,0,0,0,1,1238764765.0
Cars 3,260514,2017,175000000.0,3582.0,6.8,102.0,72.137,78956605,552313,35974,51857,0,0,0,0,0,0,0,1,0,0,0,0,0,0,0,1,1,0,383925276.0
Baby Driver,339403,2017,34000000.0,10842.0,7.5,113.0,57.004,33454586,184860,6822,8827,0,0,1,0,0,0,0,0,0,1,0,0,0,0,0,0,0,1,226945087.0
Despicable Me 3,324852,2017,80000000.0,5128.0,6.4,96.0,40.778,77521423,227331,23357,12213,0,0,0,0,0,0,0,1,0,0,1,0,0,0,0,1,1,0,1031552585.0
War for the Planet of the Apes,281338,2017,150000000.0,6316.0,7.1,140.0,42.56399999999999,35374669,155316,6443,12539,0,0,1,0,1,0,0,0,0,0,0,0,0,1,0,1,0,0,488533726.0
Valerian and the City of a Thousand Planets,339964,2017,177200000.0,5309.0,6.6,136.0,48.175,32776688,157601,9693,23276,0,0,1,0,1,0,0,0,0,0,0,0,0,0,0,1,0,0,225874228.0
Atomic Blonde,341013,2017,30000000.0,4616.0,6.4,115.0,47.43600000000001,6601603,42858,3616,4132,0,0,0,0,0,0,0,0,0,0,0,0,0,0,0,0,0,1,100014025.0
Dunkirk,374720,2017,100000000.0,11770.0,7.4,107.0,33.052,65048900,462544,15518,51532,0,0,1,0,0,0,0,0,1,0,0,0,0,1,0,0,0,1,525573161.0
Transformers: The Last Knight,335988,2017,217000000.0,4114.0,6.0,149.0,46.464,40885393,225561,34390,46631,0,0,1,0,1,0,0,0,0,0,0,0,0,0,0,1,0,1,605425157.0
Logan Lucky,399170,2017,29000000.0,2268.0,6.7,119.0,22.911,18492056,60674,6097,4070,0,0,0,0,0,0,0,1,0,0,0,0,0,0,0,0,0,0,48453605.0
The Dark Tower,353491,2017,60000000.0,3679.0,5.7,95.0,45.095,35257172,175026,19883,24443,0,0,0,0,1,0,0,0,0,0,0,1,1,0,1,0,0,0,113231078.0
Annabelle: Creation,396422,2017,15000000.0,4011.0,6.5,109.0,47.131,29984682,119126,8138,8709,0,0,0,0,0,0,0,0,0,0,0,0,1,0,0,0,0,0,306515884.0
It,346364,2017,35000000.0,14182.0,7.2,135.0,64.916,88095351,693324,38268,66146,0,0,0,0,0,0,0,0,0,0,0,0,1,0,0,0,0,0,701796444.0
The Emoji Movie,378236,2017,50000000.0,2123.0,5.6,86.0,71.611,25528250,111229,296080,50167,0,0,0,0,0,0,0,1,0,0,1,0,0,0,0,0,1,0,216909830.0
Wind River,395834,2017,11000000.0,3155.0,7.4,107.0,23.979,6346351,24315,1077,1931,0,1,1,0,0,0,0,0,0,1,0,0,0,0,0,0,0,1,44998252.0
The Hitman's Bodyguard,390043,2017,30000000.0,4000.0,6.8,118.0,41.208,19919847,113646,2940,5198,0,0,1,0,0,0,0,1,0,0,0,0,0,0,0,0,0,0,176586701.0
Kingsman: The Golden Circle,343668,2017,104000000.0,7057.0,7.0,141.0,55.351000000000006,43858855,306073,7926,16039,0,0,1,0,0,0,0,1,0,0,0,0,0,0,0,1,0,0,410902662.0
Blade Runner 2049,335984,2017,150000000.0,8770.0,7.5,164.0,94.483,57454115,325831,17445,34828,0,0,0,0,1,0,0,0,0,0,0,0,0,0,0,0,0,0,259239658.0
mother!,381283,2017,30000000.0,4664.0,7.0,121.0,30.329,20587895,55308,7030,10874,0,1,0,0,0,0,0,0,0,0,0,0,1,1,0,0,0,1,44516999.0
American Made,337170,2017,50000000.0,2940.0,6.8,115.0,28.459,17502861,44875,2909,3580,0,0,0,0,0,0,0,0,0,1,0,0,0,0,0,0,0,1,133511855.0
Happy Death Day,440021,2017,4800000.0,4375.0,6.6,97.0,28.002,18668951,134411,5624,14665,0,1,0,0,0,0,0,0,0,0,0,0,1,0,0,0,0,1,122637878.0
Geostorm,274855,2017,120000000.0,3115.0,6.0,109.0,85.719,12699984,50840,5831,6357,0,0,1,0,0,0,0,0,0,0,0,0,0,0,0,0,0,0,221600160.0
Jigsaw,298250,2017,10000000.0,2494.0,6.2,92.0,30.486,25837927,137008,8105,13877,0,0,0,0,0,0,0,0,0,0,0,0,1,0,0,0,0,1,102952888.0
"Three Billboards Outside Ebbing, Missouri",359940,2017,15000000.0,7112.0,8.1,115.0,27.476,10028215,43411,2052,3407,0,0,0,0,0,0,0,0,0,1,0,0,0,1,0,0,0,0,160192031.0
Lady Bird,391713,2017,10000000.0,5670.0,7.3,94.0,29.424,24594812,157991,4101,5028,0,0,0,0,0,0,0,1,0,0,0,0,0,0,0,0,0,0,76858273.0
The Killing of a Sacred Deer,399057,2017,0.0,2259.0,6.9,121.0,21.341,5662862,24412,1470,2643,0,1,0,0,0,0,0,0,0,0,0,0,1,1,0,0,0,1,2291901.0
Murder on the Orient Express,392044,2017,55000000.0,6987.0,6.7,114.0,27.313,32374680,100300,6698,10909,0,1,0,0,0,0,0,0,0,1,0,0,0,1,0,0,0,0,351839303.0
Coco,354912,2017,175000000.0,12267.0,8.2,105.0,169.785,32237260,119302,12959,5926,0,0,0,0,0,0,0,0,0,0,1,0,0,0,0,1,1,0,800526015.0
"I, Tonya",389015,2017,11000000.0,3951.0,7.5,120.0,26.989,11809013,71470,2286,3633,0,0,0,0,0,0,0,0,0,0,0,0,0,1,0,0,0,0,53939297.0
Jumanji: Welcome to the Jungle,353486,2017,90000000.0,9826.0,6.8,119.0,62.44600000000001,40823385,228484,60117,25450,0,0,1,0,0,0,0,0,0,0,1,0,0,0,0,1,0,0,962102237.0
Darkest Hour,399404,2017,30000000.0,3594.0,7.4,125.0,22.288,8642776,29911,1757,4163,0,0,0,0,0,0,0,0,1,0,0,0,0,1,0,0,0,0,150847207.0
Star Wars: The Last Jedi,181808,2017,200000000.0,11100.0,6.9,152.0,56.383,103919114,1415376,80337,148398,0,0,1,0,1,0,0,0,0,0,0,1,0,0,0,1,0,0,1332539889.0
Downsizing,301337,2017,68000000.0,2530.0,5.2,135.0,26.47300000000001,14874798,48394,3840,6247,0,0,0,0,1,0,0,1,0,0,0,0,0,1,0,0,0,0,55003890.0
The Shape of Water,399055,2017,19500000.0,9126.0,7.3,123.0,39.656,34712907,191370,10769,15249,0,0,0,0,0,0,0,0,0,0,0,1,0,1,0,1,0,0,194989655.0
Molly's Game,396371,2017,30000000.0,2450.0,7.1,140.0,25.477,10895944,25192,2022,1581,0,0,0,0,0,0,0,0,0,0,0,0,0,1,0,0,0,0,59284015.0
Wonder,406997,2017,20000000.0,5747.0,8.2,113.0,37.303,36585821,435123,10802,30508,0,0,0,0,0,0,0,0,0,0,0,0,0,1,0,0,0,0,305937718.0
The Disaster Artist,371638,2017,10000000.0,2512.0,7.2,104.0,18.516,25970345,183052,4185,12227,0,0,0,0,0,0,0,1,0,0,0,0,0,1,0,0,0,0,29820616.0
The Post,446354,2017,50000000.0,3327.0,7.0,116.0,23.785,18916394,27834,2950,3599,0,0,0,0,0,0,0,0,0,0,0,0,0,1,0,0,0,1,174503458.0
The Greatest Showman,316029,2017,84000000.0,6721.0,8.0,105.0,31.856,41567830,202263,5991,6528,0,0,0,0,0,0,0,0,0,0,0,0,0,1,0,0,0,0,432844677.0
Phantom Thread,400617,2017,35000000.0,2279.0,7.3,130.0,23.031,11624054,32674,3753,2369,0,0,0,0,0,1,0,0,0,0,0,0,0,1,0,0,0,0,47756590.0
Annihilation,300668,2018,40000000.0,5972.0,6.3,115.0,43.115,23867085,93186,7913,13775,0,1,0,0,1,0,0,0,0,0,0,0,0,0,0,1,0,1,43070915.0
The Commuter,399035,2018,30000000.0,3148.0,6.3,104.0,37.258,11202494,27822,1250,2423,0,1,0,0,0,0,0,0,0,1,0,0,0,1,0,0,0,1,119942387.0
Red Sparrow,401981,2018,69000000.0,4349.0,6.5,140.0,36.946,39075653,88595,8669,8127,0,0,0,0,0,0,0,0,0,0,0,0,0,0,0,0,0,1,151572634.0
Fifty Shades Freed,337167,2018,55000000.0,5532.0,6.6,105.0,60.157,7948052,39385,2288,1491,0,0,0,0,0,1,0,0,0,0,0,0,0,1,0,0,0,0,368307760.0
Game Night,445571,2018,37000000.0,3956.0,6.8,100.0,27.82,19955725,77606,3970,3300,0,0,1,0,0,0,0,1,0,1,0,0,1,0,0,0,0,0,117501013.0
Maze Runner: The Death Cure,336843,2018,62000000.0,5141.0,7.1,144.0,48.465,29774986,205207,4973,18674,0,1,1,0,1,0,0,0,0,0,0,0,0,0,0,0,0,1,288175335.0
Hereditary,493922,2018,10000000.0,4331.0,7.1,127.0,30.123,29254115,137162,6955,15375,0,0,0,0,0,0,0,0,0,0,0,0,0,0,0,0,0,0,79336821.0
Isle of Dogs,399174,2018,62770198.0,3024.0,7.9,101.0,23.976,20407343,156430,7734,10557,0,0,0,0,0,0,0,1,0,0,0,0,0,0,0,0,1,0,64241499.0
Tomb Raider,338970,2018,94000000.0,5623.0,6.3,118.0,50.706,24597793,143537,25523,25272,0,0,1,0,0,0,0,0,0,0,0,1,0,0,0,1,0,0,274650803.0
"Love, Simon",449176,2018,17000000.0,4489.0,8.2,110.0,30.636,41416047,362703,15527,19486,0,0,0,0,0,0,0,1,0,0,0,0,0,1,0,0,0,0,66316289.0
A Quiet Place,447332,2018,17000000.0,8781.0,7.3,91.0,70.631,46162352,197969,6890,22215,0,0,0,0,0,0,0,0,0,0,0,0,1,1,0,0,0,1,340677200.0
Midnight Sun,419478,2018,0.0,2521.0,7.8,91.0,24.248,14367736,126983,3732,5971,0,0,0,0,0,1,0,0,0,0,0,0,0,1,0,0,0,0,27365467.0
Pacific Rim: Uprising,268896,2018,150000000.0,3272.0,6.1,111.0,64.785,30891607,246716,19902,34600,0,0,1,0,1,0,0,0,0,0,0,1,0,0,0,0,0,0,290061297.0
Truth or Dare,460019,2018,3500000.0,2835.0,6.0,100.0,36.125,25863266,180225,12944,16063,0,0,0,0,0,0,0,0,0,0,0,0,1,0,0,0,0,1,95330493.0
Rampage,427641,2018,120000000.0,4691.0,6.4,107.0,67.932,61283781,317955,22707,34625,0,0,1,0,1,0,0,0,0,0,0,0,0,0,0,1,0,0,426245950.0
Jurassic World: Fallen Kingdom,351286,2018,170000000.0,8161.0,6.6,129.0,163.055,139093925,1369500,63014,118541,0,0,1,0,1,0,0,0,0,0,0,0,0,1,0,1,0,1,1303459585.0
Incredibles 2,260513,2018,200000000.0,9166.0,7.6,118.0,82.09700000000002,291847674,1480784,99219,87016,0,0,1,0,0,0,0,0,0,0,1,0,0,0,0,1,1,0,1242805359.0
Deadpool 2,383498,2018,110000000.0,12170.0,7.5,119.0,91.499,127951057,2006315,41672,96147,0,0,1,0,1,0,0,1,0,0,0,0,0,0,0,0,0,0,741547413.0
Solo: A Star Wars Story,348350,2018,250000000.0,5667.0,6.6,135.0,54.528,41378507,545100,64516,76560,0,0,1,0,1,0,0,0,0,0,1,0,0,0,0,1,0,0,392952373.0
Ant-Man and the Wasp,363088,2018,140000000.0,8938.0,7.0,119.0,71.419,49783542,865639,19837,57084,0,0,1,0,1,0,0,1,0,0,0,1,0,0,0,1,0,0,622674139.0
The First Purge,442249,2018,13000000.0,2589.0,5.9,97.0,72.234,22854465,165999,19608,28051,0,0,1,0,1,0,0,0,0,0,0,0,1,0,0,0,0,1,137056262.0
Hotel Transylvania 3: Summer Vacation,400155,2018,80000000.0,2650.0,6.9,97.0,102.822,23123619,106065,6880,3992,0,0,0,0,0,0,0,1,0,0,1,1,0,0,0,0,1,0,100176000.0
Skyscraper,447200,2018,125000000.0,3325.0,6.3,102.0,59.415,36868755,189584,8505,9755,0,0,1,0,0,0,0,0,0,0,0,0,0,1,0,0,0,1,292351275.0
The Equalizer 2,345887,2018,62000000.0,3015.0,6.5,122.0,47.544,19642982,99652,3459,7242,0,0,1,0,0,0,0,0,0,1,0,0,0,0,0,0,0,1,102084362.0
Mamma Mia! Here We Go Again,458423,2018,75000000.0,2402.0,7.2,113.0,18.959,26909530,171728,9023,9123,0,0,0,0,0,1,0,1,0,0,0,0,0,0,0,0,0,0,395044706.0
Upgrade,500664,2018,5000000.0,2395.0,7.5,100.0,32.116,7488291,53898,1403,4973,0,0,1,0,1,0,0,1,0,0,0,0,1,0,0,0,0,1,16593554.0
Mission: Impossible - Fallout,353081,2018,178000000.0,5355.0,7.4,147.0,61.13399999999999,84676303,653164,19840,40435,0,0,1,0,0,0,0,0,0,0,0,0,0,0,0,1,0,1,791017452.0
Ocean's Eight,402900,2018,70000000.0,5596.0,7.0,111.0,86.52799999999998,40976585,231719,96167,50083,0,0,1,0,0,0,0,1,0,1,0,0,0,0,0,0,0,1,297718711.0
BlacKkKlansman,487558,2018,15000000.0,5087.0,7.6,135.0,26.767,10595801,117598,8323,10357,0,0,0,0,0,0,0,1,0,1,0,0,0,1,0,0,0,0,48686605.0
Searching,489999,2018,1000000.0,2427.0,7.6,103.0,35.393,12089844,74906,3225,7120,0,0,0,0,0,0,0,0,0,0,0,0,0,1,0,0,0,0,66265218.0
A Simple Favor,484247,2018,20000000.0,2810.0,6.6,117.0,23.72,20081202,77402,2438,4315,0,1,0,0,0,0,0,0,0,1,0,0,0,0,0,0,0,1,97644617.0
The Predator,346910,2018,88000000.0,3026.0,5.5,107.0,97.566,36454318,260875,31761,41340,0,0,1,0,1,0,0,0,0,0,0,0,1,0,0,1,0,0,160542134.0
The Nun,439079,2018,22000000.0,4179.0,5.8,96.0,64.36,90134766,535602,33240,37999,0,1,0,0,0,0,0,0,0,0,0,0,1,0,0,0,0,1,365550119.0
Bad Times at the El Royale,446021,2018,32000000.0,2329.0,6.8,142.0,26.981,27967310,52796,1970,3518,0,0,0,0,0,0,0,0,0,0,0,0,1,0,0,0,0,1,31882724.0
Crazy Rich Asians,455207,2018,30000000.0,2361.0,7.1,121.0,31.026,36934980,269202,11842,20367,0,0,0,0,0,0,0,1,0,0,0,0,0,0,0,0,0,0,237994561.0
The Meg,345940,2018,150000000.0,4494.0,6.1,113.0,91.899,74972521,376382,19854,40074,0,0,1,0,1,0,0,0,0,0,0,0,1,0,0,0,0,1,530243742.0
First Man,369972,2018,70000000.0,3612.0,7.1,141.0,48.304,22457741,86906,6546,15574,0,0,0,0,0,0,0,0,0,0,0,0,0,1,0,0,0,0,100546153.0
A Star Is Born,332562,2018,36000000.0,8584.0,7.5,136.0,36.708,36405968,252525,6938,21875,0,0,0,0,0,1,0,0,0,0,0,0,0,1,0,0,0,0,433888866.0
Venom,335983,2018,116000000.0,9606.0,6.7,112.0,110.062,174676802,2486774,113015,249649,0,0,1,0,1,0,0,0,0,0,0,0,1,0,0,0,0,1,855013954.0
Bohemian Rhapsody,424694,2018,52000000.0,12008.0,8.0,135.0,49.617,70760801,870209,16266,47802,0,0,0,0,0,0,0,0,0,0,0,0,0,1,0,0,0,0,894027543.0
The Grinch,360920,2018,75000000.0,2106.0,6.7,90.0,116.25,77661461,288244,62856,22561,0,0,0,0,0,0,0,1,0,0,1,0,0,0,0,0,1,0,508575295.0
Creed II,480530,2018,50000000.0,3346.0,6.9,130.0,79.75399999999998,45705760,348909,10937,23781,0,0,0,0,0,0,0,0,0,0,0,0,0,1,0,0,0,0,214215889.0
Halloween,424139,2018,10000000.0,2946.0,6.5,106.0,44.58,43489158,469601,18454,66203,0,0,0,0,0,0,0,0,0,0,0,0,1,0,0,0,0,0,253688035.0
Ralph Breaks the Internet,404368,2018,175000000.0,4961.0,7.2,112.0,124.8,64091315,719970,41261,86749,0,0,0,0,0,0,0,0,0,0,1,0,0,0,0,0,1,0,529221154.0
Green Book,490132,2018,23000000.0,6910.0,8.3,130.0,21.785,17688068,86358,3845,6969,0,0,0,0,0,0,0,1,0,0,0,0,0,1,0,0,0,0,319700000.0
Spider-Man: Into the Spider-Verse,324857,2018,90000000.0,8075.0,8.4,117.0,122.622,91408432,1173386,55215,89547,0,0,1,0,1,0,0,0,0,0,0,0,0,0,0,1,1,0,375540831.0
Mary Poppins Returns,400650,2018,130000000.0,2386.0,6.5,131.0,48.074,26858736,291693,16795,32368,0,0,0,0,0,0,0,0,0,0,1,1,0,0,0,0,0,0,348807090.0
Bumblebee,424783,2018,135000000.0,3985.0,6.6,114.0,59.027,59165313,492500,34586,72062,0,0,1,0,1,0,0,0,0,0,0,0,0,0,0,1,0,0,467989645.0
Vice,429197,2018,60000000.0,2192.0,7.1,132.0,23.863000000000003,3943480,20970,819,2219,0,0,0,0,0,0,0,1,0,0,0,0,0,1,0,0,0,0,76073488.0
Mortal Engines,428078,2018,100000000.0,2979.0,6.1,129.0,72.57,34764340,152181,12853,15379,0,0,0,0,1,0,0,0,0,0,0,0,0,0,0,0,0,0,83672673.0
The Mule,504172,2018,50000000.0,3109.0,6.7,117.0,26.435,16458837,86420,1968,6672,0,0,0,0,0,0,0,0,0,1,0,0,0,1,0,0,0,1,174804407.0
How to Train Your Dragon: The Hidden World,166428,2019,129000000.0,3962.0,7.8,104.0,104.665,60981469,781658,20443,57681,0,0,0,0,0,0,0,0,0,0,1,0,0,0,0,1,1,0,517526875.0
Glass,450465,2019,20000000.0,5581.0,6.6,129.0,72.685,51949967,498060,14554,38105,0,1,0,0,1,0,0,0,0,0,0,0,1,1,0,0,0,1,246941965.0
Escape Room,522681,2019,9000000.0,2562.0,6.4,100.0,26.04,22648867,141025,3524,8072,0,0,1,0,0,0,0,0,0,0,0,0,1,0,0,0,0,1,155313078.0
Us,458723,2019,20000000.0,4388.0,7.0,116.0,26.536,46362545,429723,17440,52024,0,0,0,0,0,0,0,0,0,0,0,0,1,0,0,0,0,1,255105930.0
Pet Sematary,157433,2019,21000000.0,2162.0,5.7,101.0,36.455,33045401,150963,8785,22562,0,0,0,0,0,0,0,0,0,0,0,0,1,0,0,0,0,1,112399944.0
After,537915,2019,14000000.0,4983.0,7.1,106.0,140.689,12440652,148991,6470,11431,0,0,0,0,0,1,0,0,0,0,0,0,0,1,0,0,0,1,69497587.0
Dumbo,329996,2019,170000000.0,3158.0,6.7,112.0,51.75,39614207,463268,28149,44434,0,0,0,0,0,0,0,0,0,0,1,1,0,0,0,1,0,0,215832199.0
Rocketman,504608,2019,40000000.0,2698.0,7.4,121.0,22.376,27330153,181455,6358,19347,0,0,0,0,0,0,0,0,0,0,0,0,0,1,0,0,0,0,167323950.0
Aladdin,420817,2019,183000000.0,6994.0,7.1,128.0,158.892,122179191,1831103,213633,166215,0,0,0,0,0,1,0,0,0,0,0,1,0,0,0,1,0,0,1047612394.0
John Wick: Chapter 3 - Parabellum,458156,2019,55000000.0,5770.0,7.4,131.0,145.91,81952648,1042081,18856,92901,0,0,1,0,0,0,0,0,0,1,0,0,0,0,0,0,0,1,326709727.0
Godzilla: King of the Monsters,373571,2019,170000000.0,2990.0,6.4,132.0,121.874,72154770,886899,28773,138685,0,0,1,0,1,0,0,0,0,0,0,0,0,0,0,0,0,1,386600138.0
Dark Phoenix,320288,2019,200000000.0,3968.0,6.1,114.0,104.72,61611891,650416,38442,83624,0,0,1,0,1,0,0,0,0,0,0,0,0,0,0,0,0,0,252442974.0
Pok√©mon Detective Pikachu,447404,2019,150000000.0,4296.0,7.0,105.0,130.786,131368484,2230903,98654,191726,0,1,1,0,0,0,0,0,0,1,1,1,0,0,0,0,0,0,433005346.0
Spider-Man: Far from Home,429617,2019,160000000.0,8454.0,7.6,129.0,162.334,133163006,3231749,65551,217798,0,0,1,0,1,0,0,0,0,0,0,0,0,0,0,1,0,0,1131927996.0
Yesterday,515195,2019,26000000.0,2158.0,6.7,116.0,24.331,18234159,139114,4350,12784,0,0,0,0,0,1,0,1,0,0,0,0,0,0,0,0,0,0,88092097.0
Once Upon a Time‚Ä¶ in Hollywood,466272,2019,95000000.0,7386.0,7.5,162.0,40.053,56876959,704851,18752,45457,0,0,0,0,0,0,0,1,0,0,0,0,0,1,0,0,0,0,374251247.0
Parasite,496243,2019,11363000.0,9375.0,8.5,133.0,105.594,25942201,222302,7539,17322,0,0,0,0,0,0,0,1,0,0,0,0,0,1,0,0,0,0,257591776.0
The Lion King,420818,2019,260000000.0,6876.0,7.2,118.0,161.09,157310429,2330631,96559,194067,0,0,0,0,0,0,0,0,0,0,1,0,0,1,0,1,1,0,1656943394.0
Ford v Ferrari,359724,2019,97600000.0,3487.0,7.9,152.0,86.946,33406948,355282,9610,18956,0,0,1,0,0,0,0,0,0,0,0,0,0,1,0,0,0,0,225508210.0
Fast & Furious Presents: Hobbs & Shaw,384018,2019,200000000.0,4208.0,6.9,137.0,198.693,154979718,726516,32750,44866,0,0,1,0,0,0,0,0,0,0,0,0,0,0,0,0,0,0,760098996.0
Rambo: Last Blood,522938,2019,50000000.0,2180.0,6.4,89.0,102.135,60716298,387814,17178,42096,0,0,1,0,0,0,0,0,0,0,0,0,0,0,0,0,0,0,91490353.0
Ad Astra,419704,2019,87500000.0,4248.0,6.1,123.0,70.656,18265691,94933,4445,7954,0,1,0,0,1,0,0,0,0,0,0,0,0,1,0,1,0,1,132807427.0
It Chapter Two,474350,2019,79000000.0,4859.0,6.9,169.0,142.535,101144093,1528350,35613,100717,0,0,0,0,0,0,0,0,0,0,0,0,1,0,0,0,0,0,473093228.0
Joker,475557,2019,55000000.0,15044.0,8.2,122.0,295.084,207547867,3231017,108303,279549,0,0,0,0,0,0,0,0,0,1,0,0,0,1,0,0,0,1,1074251311.0
Ready or Not,567609,2019,6000000.0,2108.0,7.0,95.0,38.837,13900980,99286,3987,7255,0,0,0,0,0,0,0,1,0,0,0,0,1,0,0,0,0,1,57615777.0
Zombieland: Double Tap,338967,2019,42000000.0,2950.0,7.0,99.0,126.222,26798807,402321,11689,21266,0,0,1,0,0,0,0,1,0,0,0,0,1,0,0,0,0,0,122801777.0
Jojo Rabbit,515001,2019,14000000.0,4821.0,8.1,108.0,43.164,30781102,348547,17446,29872,0,0,0,0,0,0,0,1,1,0,0,0,0,0,0,0,0,0,82468705.0
Gemini Man,453405,2019,138000000.0,2966.0,6.4,117.0,147.49,33625733,345582,12468,25449,0,0,1,0,1,0,0,0,0,0,0,0,0,1,0,0,0,1,173469516.0
Maleficent: Mistress of Evil,420809,2019,185000000.0,3672.0,7.3,118.0,144.129,36173158,536475,16338,30679,0,0,0,0,0,0,0,0,0,0,0,1,0,0,0,0,0,0,491570967.0
Frozen II,330457,2019,150000000.0,6191.0,7.3,104.0,230.1,229643437,2927721,156070,231292,0,0,0,0,0,0,0,1,0,0,1,1,0,0,0,1,1,0,1450026933.0
Knives Out,546554,2019,40000000.0,5675.0,7.9,131.0,53.03100000000001,19518743,118206,5988,10725,0,1,0,0,0,0,0,1,0,1,0,0,0,1,0,0,0,1,309232797.0
Doctor Sleep,501170,2019,45000000.0,2177.0,7.1,152.0,42.221,28752411,183258,8568,19775,0,0,0,0,0,0,0,0,0,0,0,0,1,0,0,0,0,0,72281712.0
Terminator: Dark Fate,290859,2019,185000000.0,2850.0,6.5,128.0,139.958,45710358,413792,98904,91376,0,0,1,0,1,0,0,0,0,0,0,0,0,0,0,0,0,0,261119292.0
